Order;Lot Area;Street;Neighborhood;Bldg Type;House Style;Overall Qual;Overall Cond;Year Built;Year Remod/Add;1st Flr over Lot Area;1st Flr SF;Mo Sold;Yr Sold;Sale Type;Sale Condition;SalePrice
1;31770;Pave;NAmes;1Fam;1Story;6;5;1960;1960;0,05;1656;5;2010;WD ;Normal;215000
2;11622;Pave;NAmes;1Fam;1Story;5;6;1961;1961;0,08;896;6;2010;WD ;Normal;105000
3;14267;Pave;NAmes;1Fam;1Story;6;6;1958;1958;0,09;1329;6;2010;WD ;Normal;172000
4;11160;Pave;NAmes;1Fam;1Story;7;5;1968;1968;0,19;2110;4;2010;WD ;Normal;244000
5;13830;Pave;Gilbert;1Fam;2Story;5;5;1997;1998;0,07;928;3;2010;WD ;Normal;189900
6;9978;Pave;Gilbert;1Fam;2Story;6;6;1998;1998;0,09;926;6;2010;WD ;Normal;195500
7;4920;Pave;StoneBr;TwnhsE;1Story;8;5;2001;2001;0,27;1338;4;2010;WD ;Normal;213500
8;5005;Pave;StoneBr;TwnhsE;1Story;8;5;1992;1992;0,26;1280;1;2010;WD ;Normal;191500
9;5389;Pave;StoneBr;TwnhsE;1Story;8;5;1995;1996;0,3;1616;3;2010;WD ;Normal;236500
10;7500;Pave;Gilbert;1Fam;2Story;7;5;1999;1999;0,14;1028;6;2010;WD ;Normal;189000
11;10000;Pave;Gilbert;1Fam;2Story;6;5;1993;1994;0,08;763;4;2010;WD ;Normal;175900
12;7980;Pave;Gilbert;1Fam;1Story;6;7;1992;2007;0,15;1187;3;2010;WD ;Normal;185000
13;8402;Pave;Gilbert;1Fam;2Story;6;5;1998;1998;0,09;789;5;2010;WD ;Normal;180400
14;10176;Pave;Gilbert;1Fam;1Story;7;5;1990;1990;0,13;1341;2;2010;WD ;Normal;171500
15;6820;Pave;StoneBr;TwnhsE;1Story;8;5;1985;1985;0,22;1502;6;2010;WD ;Normal;212000
16;53504;Pave;StoneBr;1Fam;2Story;8;5;2003;2003;0,03;1690;6;2010;WD ;Normal;538000
16;53504;Pave;StoneBr;1Fam;2Story;8;5;2003;2003;0,03;1690;6;2010;WD ;Normal;538000
17;12134;Pave;Gilbert;1Fam;1.5Fin;8;7;1988;2005;0,09;1080;6;2010;WD ;Normal;164000
18;11394;Pave;StoneBr;1Fam;1Story;9;2;2010;2010;0,16;1856;6;2010;New;Partial;394432
19;19138;Pave;Gilbert;1Fam;1Story;4;5;1951;1951;0,05;864;6;2010;WD ;Normal;141000
20;13175;Pave;NWAmes;1Fam;1Story;6;6;1978;1988;0,16;2073;2;2010;WD ;Normal;210000
21;11751;Pave;NWAmes;1Fam;1Story;6;6;1977;1977;0,16;1844;1;2010;COD;Normal;190000
22;10625;Pave;NWAmes;1Fam;SFoyer;7;6;1974;1974;0,11;1173;1;2010;WD ;Family;170000
23;7500;Pave;Somerst;1Fam;2Story;7;5;2000;2000;0,11;814;1;2010;WD ;Normal;216000
24;11241;Pave;NAmes;1Fam;1Story;6;7;1970;1970;0,09;1004;3;2010;WD ;Normal;149000
25;12537;Pave;NAmes;1Fam;1Story;5;6;1971;2008;0,09;1078;4;2010;WD ;Normal;149900
26;8450;Pave;NAmes;1Fam;1Story;5;6;1968;1968;0,12;1056;7;2010;WD ;Normal;142000
27;8400;Pave;NAmes;1Fam;1Story;4;5;1970;1970;0,11;882;4;2010;WD ;Normal;126000
28;10500;Pave;NAmes;1Fam;1Story;4;5;1971;1971;0,08;864;4;2010;ConLI;Normal;115000
29;5858;Pave;NAmes;TwnhsE;1Story;7;5;1999;1999;0,23;1337;6;2010;WD ;Normal;184000
30;1680;Pave;BrDale;Twnhs;2Story;6;5;1971;1971;0,29;483;2;2010;COD;Normal;96000
31;1680;Pave;BrDale;Twnhs;2Story;5;5;1971;1971;0,31;525;3;2010;WD ;Normal;105500
32;1680;Pave;BrDale;Twnhs;2Story;6;5;1971;1971;0,31;525;3;2010;WD ;Family;88000
33;4043;Pave;NPkVill;TwnhsE;1Story;6;5;1977;1977;0,26;1069;7;2010;WD ;Normal;127500
34;2280;Pave;NPkVill;Twnhs;2Story;6;6;1975;1975;0,38;855;6;2010;WD ;Normal;149900
35;2280;Pave;NPkVill;Twnhs;1Story;7;6;1975;1975;0,37;836;6;2010;WD ;Normal;120000
36;2280;Pave;NPkVill;Twnhs;2Story;6;5;1978;1978;0,38;855;7;2010;WD ;Normal;146000
37;12858;Pave;NridgHt;1Fam;2Story;9;5;2009;2010;0,13;1627;1;2010;New;Partial;376162
38;11478;Pave;NridgHt;1Fam;1Story;8;5;2007;2008;0,15;1704;5;2010;WD ;Normal;306000
39;10159;Pave;NridgHt;1Fam;1Story;9;5;2009;2010;0,19;1940;4;2010;New;Partial;395192
40;12883;Pave;NridgHt;1Fam;1Story;8;5;2009;2010;0,12;1544;6;2010;New;Partial;290941
41;12182;Pave;NridgHt;1Fam;1Story;7;5;2005;2005;0,13;1541;5;2010;New;Partial;220000
42;11520;Pave;NridgHt;1Fam;1Story;9;5;2005;2005;0,15;1698;6;2010;WD ;Normal;275000
43;14122;Pave;NridgHt;1Fam;1Story;8;5;2005;2006;0,13;1822;2;2010;WD ;Normal;259000
44;10171;Pave;NridgHt;1Fam;1Story;7;5;2004;2004;0,15;1535;3;2010;WD ;Normal;214000
45;12919;Pave;NridgHt;1Fam;1Story;9;5;2009;2010;0,18;2364;3;2010;New;Partial;611657
46;6371;Pave;NridgHt;TwnhsE;1Story;7;5;2009;2010;0,21;1358;6;2010;New;Partial;224000
47;14300;Pave;NridgHt;1Fam;1Story;9;5;2003;2004;0,19;2696;6;2010;WD ;Normal;500000
48;13650;Pave;NridgHt;1Fam;2Story;8;5;2002;2002;0,12;1687;6;2010;WD ;Normal;320000
49;7658;Pave;NridgHt;TwnhsE;1Story;9;5;2005;2005;0,23;1752;2;2010;WD ;Normal;319900
50;7132;Pave;NridgHt;TwnhsE;1Story;8;5;2006;2006;0,19;1370;4;2010;WD ;Normal;205000
51;2628;Pave;NridgHt;Twnhs;2Story;7;5;2003;2003;0,29;764;6;2010;WD ;Normal;175500
52;18494;Pave;Gilbert;1Fam;1Story;6;5;2005;2005;0,07;1324;1;2010;WD ;Normal;199500
53;3203;Pave;Blmngtn;TwnhsE;1Story;7;5;2006;2006;0,36;1145;1;2010;WD ;Normal;160000
54;3182;Pave;Blmngtn;TwnhsE;1Story;8;5;2004;2005;0,4;1269;4;2010;WD ;Normal;192000
55;13300;Pave;Gilbert;1Fam;SLvl;7;5;2004;2004;0,06;744;6;2010;WD ;Normal;184500
56;7851;Pave;Gilbert;1Fam;2Story;6;5;2002;2002;0,11;860;5;2010;WD ;Normal;216500
57;8577;Pave;Gilbert;1Fam;2Story;7;5;2004;2004;0,1;847;4;2010;WD ;Normal;185088
58;7750;Pave;Gilbert;1Fam;SLvl;7;5;2000;2000;0,1;774;4;2010;WD ;Normal;180000
59;9505;Pave;Gilbert;1Fam;2Story;7;5;2001;2001;0,09;884;5;2010;WD ;Normal;222500
60;14774;Pave;NoRidge;1Fam;2Story;9;5;1999;1999;0,1;1422;5;2010;WD ;Normal;333168
61;17433;Pave;NoRidge;1Fam;2Story;8;5;1998;1998;0,09;1645;1;2010;WD ;Normal;355000
62;10593;Pave;NoRidge;1Fam;1Story;7;5;1996;1996;0,16;1720;3;2010;WD ;Normal;260400
63;12256;Pave;NoRidge;1Fam;2Story;8;5;1994;1995;0,12;1500;4;2010;WD ;Normal;325000
64;11764;Pave;NoRidge;1Fam;2Story;8;7;1999;2007;0,1;1164;4;2010;WD ;Normal;290000
65;16770;Pave;NoRidge;1Fam;2Story;7;5;1998;1998;0,07;1195;6;2010;WD ;Normal;221000
66;14720;Pave;NoRidge;1Fam;1.5Fin;8;5;1995;1996;0,14;2053;3;2010;WD ;Normal;410000
67;8987;Pave;Somerst;1Fam;1Story;8;5;2005;2006;0,18;1595;5;2010;WD ;Normal;221500
68;9215;Pave;Somerst;1Fam;1Story;7;5;2009;2010;0,13;1218;4;2010;New;Partial;204500
69;8640;Pave;Somerst;1Fam;2Story;7;5;2009;2009;0,09;764;6;2010;Con;Normal;215200
70;9000;Pave;Somerst;1Fam;1Story;8;5;2008;2008;0,17;1566;4;2010;WD ;Normal;262500
71;12552;Pave;Somerst;1Fam;2Story;7;5;2004;2005;0,08;991;5;2010;WD ;Normal;254900
72;10440;Pave;Somerst;1Fam;1Story;6;5;2005;2005;0,14;1468;5;2010;WD ;Normal;271500
73;10142;Pave;SawyerW;1Fam;2Story;7;5;2004;2004;0,09;956;1;2010;WD ;Normal;233000
74;11920;Pave;SawyerW;1Fam;2Story;7;5;2004;2004;0,07;831;4;2010;WD ;Normal;181000
75;8880;Pave;SawyerW;1Fam;2Story;7;5;1994;2002;0,14;1222;5;2010;WD ;Normal;205000
76;8012;Pave;SawyerW;TwnhsE;1Story;6;5;1980;1980;0,12;923;5;2010;WD ;Normal;143000
77;11218;Pave;SawyerW;1Fam;2Story;6;5;1992;1992;0,09;1055;5;2010;WD ;Normal;189000
78;7892;Pave;SawyerW;TwnhsE;1Story;6;5;1979;1979;0,12;918;4;2010;WD ;Normal;99500
79;7175;Pave;SawyerW;TwnhsE;1Story;6;5;1984;1984;0,1;752;2;2010;WD ;Normal;125000
80;9453;Pave;SawyerW;1Fam;2Story;7;7;1993;2003;0,11;1014;2;2010;WD ;Normal;194500
81;9672;Pave;SawyerW;1Fam;1Story;6;5;1984;1985;0,11;1097;5;2010;WD ;Normal;152000
82;8400;Pave;SawyerW;1Fam;2Story;6;6;1980;1981;0,11;888;4;2010;WD ;Normal;171000
83;9800;Pave;SawyerW;1Fam;1Story;5;5;1920;1950;0,1;1012;4;2010;WD ;Normal;67500
84;8930;Pave;Sawyer;Duplex;1.5Fin;6;5;1978;1978;0,15;1318;4;2010;WD ;Normal;112000
85;11782;Pave;Sawyer;1Fam;SFoyer;5;7;1961;1995;0,1;1155;6;2010;WD ;Normal;148000
86;8450;Pave;Sawyer;1Fam;1Story;5;8;1965;2009;0,11;894;4;2010;WD ;Normal;138500
87;9819;Pave;Sawyer;1Fam;1Story;5;5;1967;1967;0,09;900;2;2010;WD ;Normal;122000
68;9215;Pave;Somerst;1Fam;1Story;7;5;2009;2010;0,13;1218;4;2010;New;Partial;204500
88;7500;Pave;Sawyer;1Fam;1Story;5;5;1963;1963;0,14;1040;6;2010;WD ;Normal;133000
89;6897;Pave;Sawyer;1Fam;1Story;5;8;1962;2010;0,15;1040;4;2010;WD ;Normal;127000
90;15410;Pave;Sawyer;1Fam;1Story;6;6;1974;2002;0,1;1494;4;2010;WD ;Abnorml;169000
91;10186;Pave;NoRidge;1Fam;2Story;7;5;1992;1992;0,1;1061;6;2010;WD ;Normal;190000
92;13143;Pave;NoRidge;1Fam;2Story;8;5;1993;1993;0,1;1251;6;2010;WD ;Normal;362500
93;11134;Pave;NoRidge;1Fam;2Story;8;5;1992;1993;0,13;1402;6;2010;WD ;Normal;285000
94;4835;Pave;Somerst;TwnhsE;1Story;7;5;2004;2005;0,31;1488;3;2010;WD ;Normal;260000
95;3515;Pave;Somerst;TwnhsE;2Story;7;5;2004;2004;0,24;840;1;2010;WD ;Normal;190000
96;3215;Pave;Somerst;TwnhsE;2Story;7;5;2004;2004;0,19;600;4;2010;ConLD;Normal;155000
97;3182;Pave;Somerst;TwnhsE;2Story;7;5;2004;2005;0,19;600;6;2010;WD ;Normal;151000
98;2544;Pave;Somerst;Twnhs;2Story;7;5;2004;2005;0,24;600;2;2010;WD ;Normal;149500
99;2544;Pave;Somerst;Twnhs;2Story;6;5;2005;2005;0,24;600;5;2010;WD ;Normal;152000
100;4403;Pave;Somerst;1Fam;1Story;7;5;2009;2009;0,34;1478;6;2010;New;Partial;222000
101;2117;Pave;Somerst;Twnhs;2Story;6;5;2000;2000;0,36;769;6;2010;WD ;Normal;177500
102;2980;Pave;Somerst;TwnhsE;2Story;6;5;2000;2000;0,25;756;5;2010;WD ;Normal;177000
103;2572;Pave;Somerst;Twnhs;2Story;7;5;1999;1999;0,27;696;5;2010;WD ;Normal;155000
104;2403;Pave;Somerst;TwnhsE;2Story;7;5;2003;2003;0,22;530;6;2010;WD ;Normal;147110
105;12853;Pave;Somerst;1Fam;1Story;8;5;2010;2010;0,11;1418;4;2010;New;Partial;267916
106;7379;Pave;Somerst;1Fam;2Story;8;5;2000;2000;0,13;975;4;2010;WD ;Normal;254000
107;4420;Pave;Greens;TwnhsE;1Story;8;5;1980;1980;0,18;788;6;2010;WD ;Normal;155000
108;3880;Pave;Greens;Twnhs;1Story;8;6;1978;1978;0,32;1226;1;2010;WD ;Normal;206000
109;13517;Pave;Sawyer;1Fam;2Story;6;8;1976;2005;0,05;725;3;2010;WD ;Normal;130500
110;8000;Pave;Somerst;1Fam;1Story;7;5;2002;2002;0,19;1492;4;2010;WD ;Normal;230000
111;10456;Pave;NWAmes;1Fam;1Story;6;6;1967;1967;0,17;1829;5;2010;WD ;Normal;218500
112;10791;Pave;NWAmes;1Fam;2Story;6;5;1993;1993;0,12;1280;3;2010;WD ;Normal;243500
113;10603;Pave;NWAmes;1Fam;1Story;6;7;1977;2001;0,15;1610;2;2010;WD ;Normal;205000
114;18837;Pave;NWAmes;1Fam;1.5Fin;6;5;1978;1978;0,07;1287;4;2010;WD ;Normal;212500
115;10421;Pave;NWAmes;1Fam;2Story;7;5;1988;1988;0,09;980;3;2010;WD ;Normal;196500
116;9360;Pave;NWAmes;1Fam;1Story;6;7;1972;2006;0,15;1381;3;2010;WD ;Normal;197500
117;9600;Pave;NWAmes;1Fam;2Story;6;6;1971;1971;0,1;930;6;2010;WD ;Normal;171000
118;9600;Pave;NAmes;1Fam;1Story;5;5;1966;1966;0,13;1232;4;2010;WD ;Normal;142250
127;9717;Pave;NAmes;1Fam;1Story;5;6;1950;1996;0,11;1078;4;2010;WD ;Normal;142125
119;9790;Pave;NWAmes;1Fam;1Story;6;5;1963;1963;0,14;1328;6;2010;WD ;Normal;143000
120;9320;Pave;NAmes;1Fam;1Story;4;5;1959;1959;0,13;1225;1;2010;WD ;Normal;128950
121;9900;Pave;NAmes;1Fam;1Story;5;5;1966;1966;0,12;1209;4;2010;ConLD;Normal;159000
122;9680;Pave;NAmes;1Fam;1Story;5;6;1967;1967;0,16;1510;4;2010;WD ;Normal;178900
123;10600;Pave;NAmes;1Fam;SLvl;6;5;1964;1964;0,11;1131;5;2010;COD;Family;136300
124;14112;Pave;NAmes;1Fam;SLvl;5;7;1964;1964;0,08;1152;4;2010;WD ;Normal;180500
125;8800;Pave;NAmes;1Fam;SFoyer;6;7;1963;1963;0,12;1054;5;2010;WD ;Abnorml;137500
126;13260;Pave;NAmes;Duplex;1Story;5;6;1962;2001;0,13;1728;1;2010;Oth;Abnorml;84900
127;9717;Pave;NAmes;1Fam;1Story;5;6;1950;1996;0,11;1078;4;2010;WD ;Normal;142125
128;9724;Pave;NAmes;1Fam;1.5Fin;5;7;1952;2002;0,2;1929;3;2010;WD ;Normal;197600
129;17360;Pave;NAmes;1Fam;1.5Fin;6;6;1949;1950;0,06;1019;1;2010;WD ;Normal;172500
130;7207;Pave;BrkSide;1Fam;1Story;5;7;1958;2008;0,12;858;2;2010;WD ;Normal;116500
131;5350;Pave;BrkSide;1Fam;1Story;3;2;1940;1966;0,24;1306;5;2010;WD ;Normal;76500
132;9920;Pave;NAmes;1Fam;1Story;5;5;1954;1954;0,11;1063;2;2010;WD ;Normal;128000
133;9600;Pave;NAmes;1Fam;SLvl;6;6;1955;1972;0,16;1520;3;2010;WD ;Normal;153000
134;7800;Pave;NAmes;1Fam;1Story;5;6;1954;1954;0,16;1268;3;2010;WD ;Normal;132000
135;11380;Pave;NAmes;1Fam;SFoyer;6;8;1966;2008;0,1;1128;1;2010;WD ;Normal;178000
136;11600;Pave;NAmes;Duplex;2Story;5;5;1960;1960;0,1;1105;1;2010;WD ;Normal;154300
137;19900;Pave;NAmes;1Fam;1Story;7;5;1970;1989;0,11;2207;7;2010;WD ;Normal;180000
138;16492;Pave;NAmes;1Fam;1Story;6;6;1966;2002;0,11;1888;6;2010;WD ;Normal;190000
139;8267;Pave;NAmes;Duplex;1Story;5;5;1958;1958;0,19;1604;3;2010;WD ;Normal;135000
140;8197;Pave;NAmes;1Fam;1Story;7;5;2003;2009;0,18;1480;2;2010;WD ;Normal;214000
141;8050;Pave;NAmes;1Fam;1Story;5;5;1959;1959;0,14;1143;5;2010;WD ;Normal;136000
142;10552;Pave;NAmes;1Fam;1Story;5;5;1959;1959;0,16;1700;4;2010;WD ;Normal;165500
143;8400;Pave;NAmes;1Fam;1Story;5;6;1957;1957;0,16;1314;6;2010;WD ;Normal;145000
144;8760;Pave;NAmes;1Fam;1Story;6;6;1959;1959;0,14;1194;4;2010;WD ;Normal;148000
145;12160;Pave;NAmes;1Fam;1Story;5;5;1959;1959;0,1;1188;5;2010;COD;Abnorml;142000
146;9300;Pave;NAmes;1Fam;1Story;5;5;1960;1960;0,14;1264;4;2010;WD ;Normal;167500
147;10725;Pave;NAmes;1Fam;1Story;5;5;1959;1959;0,11;1206;5;2010;WD ;Normal;108538
148;10032;Pave;NAmes;1Fam;1Story;6;5;1959;1959;0,16;1580;6;2010;WD ;Normal;159500
149;8382;Pave;NAmes;1Fam;1.5Fin;4;5;1956;1956;0,1;832;2;2010;WD ;Normal;108000
150;10950;Pave;NAmes;1Fam;1Story;5;7;1952;1952;0,1;1064;5;2010;WD ;Normal;135000
151;10895;Pave;NAmes;1Fam;1Story;5;6;1955;1955;0,09;972;6;2010;WD ;Normal;122500
152;13587;Pave;NAmes;2fmCon;1Story;5;5;1958;1958;0,07;988;4;2010;WD ;Abnorml;119000
153;7922;Pave;NAmes;1Fam;1Story;5;7;1953;2007;0,13;1057;1;2010;WD ;Abnorml;109000
154;7898;Pave;NAmes;1Fam;1Story;4;7;1920;1994;0,12;985;4;2010;WD ;Normal;105000
155;7200;Pave;NAmes;1Fam;1Story;5;7;1955;2007;0,11;827;4;2010;WD ;Normal;107500
156;10200;Pave;NAmes;1Fam;1Story;5;7;1954;2003;0,11;1086;5;2010;WD ;Normal;144900
157;5868;Pave;NAmes;1Fam;1Story;5;7;1956;2000;0,16;936;5;2010;WD ;Normal;129000
158;17503;Pave;NAmes;1Fam;1.5Fin;6;5;1948;1950;0,05;912;1;2010;WD ;Abnorml;97500
159;6979;Pave;OldTown;Duplex;SFoyer;6;5;1980;1980;0,15;1056;6;2010;WD ;Normal;144000
160;9830;Pave;NAmes;1Fam;1Story;5;7;1959;2006;0,13;1287;3;2010;WD ;Normal;162000
161;11275;Pave;NAmes;1Fam;SLvl;7;7;1967;2007;0,17;1898;6;2010;WD ;Normal;242000
162;8064;Pave;NAmes;1Fam;1.5Fin;6;8;1948;2004;0,1;816;5;2010;WD ;Normal;132000
163;7500;Pave;NAmes;1Fam;1Story;5;7;1959;1994;0,17;1246;5;2010;WD ;Normal;154000
164;8520;Pave;NAmes;1Fam;1.5Fin;5;4;1952;1952;0,11;910;6;2010;WD ;Normal;166000
165;7200;Pave;NAmes;1Fam;1Story;5;7;1951;2000;0,13;900;5;2010;WD ;Normal;134800
166;10000;Pave;NAmes;1Fam;1Story;6;6;1962;1962;0,11;1116;2;2010;WD ;Normal;160000
167;7635;Pave;NAmes;1Fam;1Story;5;6;1960;1960;0,15;1175;6;2010;WD ;Normal;148000
168;9760;Pave;NAmes;1Fam;1Story;6;7;1963;1984;0,14;1395;5;2010;WD ;Normal;192000
169;7700;Pave;NAmes;1Fam;2Story;6;5;1966;1966;0,14;1051;6;2010;WD ;Normal;155000
170;4800;Pave;OldTown;1Fam;1.5Fin;4;5;1900;1954;0,24;1157;1;2010;COD;Abnorml;80400
171;8800;Pave;OldTown;1Fam;1.5Fin;4;7;1910;2004;0,09;792;6;2010;WD ;Normal;96500
172;4485;Pave;OldTown;1Fam;1Story;5;7;1920;1950;0,21;936;5;2010;WD ;Normal;109500
173;8960;Pave;OldTown;1Fam;1Story;5;6;1927;1950;0,11;1028;3;2010;WD ;Normal;115000
174;5805;Pave;OldTown;1Fam;1Story;5;7;1957;1957;0,23;1347;6;2010;WD ;Normal;143000
175;5790;Pave;OldTown;1Fam;2Story;3;6;1915;1950;0,15;840;5;2010;WD ;Normal;107400
176;4608;Pave;OldTown;1Fam;1Story;4;6;1945;1950;0,16;747;6;2010;WD ;Normal;80000
177;7200;Pave;OldTown;1Fam;1Story;5;7;1940;1992;0,11;804;2;2010;WD ;Abnorml;119000
178;5500;Pave;OldTown;1Fam;1.5Fin;5;7;1929;2001;0,17;926;4;2010;WD ;Normal;130000
179;6900;Pave;OldTown;1Fam;1.5Fin;6;7;1938;2000;0,12;827;1;2010;WD ;Normal;119000
180;11851;Pave;OldTown;1Fam;1.5Fin;5;7;1948;2009;0,09;1027;6;2010;WD ;Normal;129000
181;8239;Pave;OldTown;1Fam;1.5Fin;5;6;1920;1962;0,13;1060;3;2010;WD ;Normal;100000
182;9656;Pave;OldTown;1Fam;1Story;2;2;1923;1970;0,09;832;6;2010;WD ;Abnorml;12789
183;8520;Pave;OldTown;1Fam;1Story;6;8;1928;2003;0,08;720;5;2010;WD ;Normal;105900
184;9600;Pave;OldTown;1Fam;2Story;8;9;1900;2003;0,1;930;4;2010;WD ;Abnorml;150000
185;10800;Pave;OldTown;1Fam;1.5Fin;5;6;1915;1950;0,09;966;6;2010;WD ;Normal;139000
186;9000;Pave;OldTown;1Fam;2Story;8;9;1890;2002;0,13;1157;4;2010;WD ;Normal;240000
187;9045;Pave;OldTown;2fmCon;2Story;5;3;1910;1950;0,12;1128;6;2010;WD ;Abnorml;76500
188;7407;Pave;OldTown;1Fam;1Story;6;7;1957;1996;0,17;1236;4;2010;WD ;Normal;149700
189;7740;Pave;OldTown;1Fam;2Story;4;7;1910;1950;0,1;741;6;2010;WD ;Normal;125500
190;11340;Pave;OldTown;2fmCon;2Story;4;6;1885;1950;0,11;1246;4;2010;WD ;Normal;122500
191;10560;Pave;OldTown;1Fam;2Story;6;7;1922;1994;0,08;868;6;2010;WD ;Normal;140750
192;5830;Pave;BrkSide;1Fam;1.5Fin;5;6;1950;1997;0,18;1030;3;2010;WD ;Normal;128500
193;7793;Pave;BrkSide;1Fam;2.5Unf;7;7;1922;2005;0,15;1160;5;2010;WD ;Normal;209500
194;5000;Pave;BrkSide;1Fam;1Story;4;7;1925;1950;0,15;765;4;2010;WD ;Normal;87000
195;6000;Pave;BrkSide;1Fam;1.5Fin;6;7;1939;1950;0,1;608;4;2010;WD ;Abnorml;134000
196;6000;Pave;BrkSide;1Fam;1.5Fin;6;6;1940;1950;0,14;848;3;2010;WD ;Normal;128000
197;6360;Pave;BrkSide;1Fam;1.5Fin;5;6;1942;1950;0,15;955;3;2010;WD ;Normal;132000
198;6000;Pave;BrkSide;1Fam;1.5Fin;6;7;1948;1950;0,13;780;3;2010;WD ;Normal;139900
199;6240;Pave;BrkSide;1Fam;1.5Fin;5;7;1936;1980;0,09;548;5;2010;WD ;Normal;123900
200;6240;Pave;BrkSide;1Fam;1.5Fin;5;5;1930;1950;0,15;928;3;2010;WD ;Normal;138400
201;6120;Pave;OldTown;1Fam;1Story;6;5;1923;1950;0,17;1068;3;2010;WD ;Normal;109500
202;10300;Pave;OldTown;1Fam;2Story;7;6;1921;1950;0,09;902;4;2010;WD ;Normal;140000
203;8094;Pave;OldTown;1Fam;1.5Fin;4;5;1915;1950;0,11;888;6;2010;WD ;Normal;149500
204;12900;Pave;OldTown;1Fam;2Story;6;8;1912;2009;0,06;780;5;2010;WD ;Normal;159900
205;3068;Pave;OldTown;1Fam;2Story;6;8;1920;1993;0,22;662;2;2010;WD ;Normal;122000
206;8472;Grvl;IDOTRR;Duplex;1Story;5;5;1963;1963;0,1;816;5;2010;WD ;Normal;110000
207;5600;Pave;IDOTRR;2fmCon;2Story;4;5;1930;1950;0,07;372;7;2010;WD ;Normal;55000
208;7630;Pave;OldTown;2fmCon;2Story;5;9;1900;1996;0,14;1032;5;2010;WD ;Normal;140000
209;24090;Pave;ClearCr;1Fam;2Story;7;7;1940;1950;0,05;1207;6;2010;COD;Normal;244400
210;15263;Pave;ClearCr;1Fam;1Story;5;5;1959;1959;0,11;1675;5;2010;WD ;Normal;173000
211;10632;Pave;ClearCr;1Fam;1.5Fin;5;3;1917;1950;0,07;725;1;2010;COD;Normal;107500
212;9900;Pave;SWISU;2fmCon;1.5Fin;5;4;1915;1950;0,12;1212;2;2010;ConLD;Normal;100000
213;6001;Pave;SWISU;1Fam;1.5Fin;6;5;1940;1950;0,1;600;3;2010;WD ;Normal;95000
214;6449;Pave;SWISU;1Fam;2Story;4;1;1907;1950;0,15;942;3;2010;WD ;Abnorml;93369
215;6048;Pave;SWISU;2fmCon;1.5Fin;5;7;1910;1950;0,15;936;6;2010;COD;Normal;114900
216;6342;Pave;Sawyer;1Fam;1.5Fin;5;8;1875;1996;0,12;780;5;2010;WD ;Normal;94000
217;10773;Pave;Sawyer;Duplex;1Story;4;3;1967;1967;0,17;1832;5;2010;WD ;Normal;136000
218;10778;Pave;Sawyer;Duplex;1Story;4;5;1968;1968;0,16;1768;4;2010;WD ;Normal;136500
219;11625;Pave;Sawyer;2fmCon;1Story;5;4;1965;1965;0,09;1039;4;2010;WD ;Normal;131500
220;11341;Pave;Sawyer;1Fam;1Story;5;6;1957;1996;0,12;1392;5;2010;WD ;Normal;121500
221;8521;Pave;Sawyer;1Fam;1Story;5;5;1967;1967;0,11;912;5;2010;WD ;Normal;125000
222;8246;Pave;Sawyer;1Fam;1Story;5;8;1968;2001;0,13;1060;5;2010;WD ;Normal;154000
223;7800;Pave;Sawyer;1Fam;1Story;5;7;1966;2008;0,11;892;6;2010;WD ;Normal;137900
224;9364;Pave;Sawyer;1Fam;2Story;6;7;1969;1969;0,07;663;3;2010;WD ;Normal;158000
225;7832;Pave;Sawyer;1Fam;1Story;5;5;1968;1968;0,11;864;5;2010;WD ;Normal;137250
226;7424;Pave;Sawyer;Duplex;SFoyer;5;5;1978;1978;0,18;1373;5;2010;WD ;Normal;160250
227;11227;Pave;Sawyer;1Fam;2Story;5;5;1968;1968;0,06;720;3;2010;WD ;Normal;163000
228;11616;Pave;Sawyer;1Fam;2Story;6;5;1978;1978;0,06;672;4;2010;WD ;Abnorml;158900
229;14000;Pave;ClearCr;1Fam;2Story;7;5;1996;1997;0,09;1306;4;2010;WD ;Normal;328000
230;20062;Pave;ClearCr;1Fam;1Story;7;7;1977;2001;0,07;1483;4;2010;WD ;Normal;270000
231;9259;Pave;Sawyer;1Fam;1Story;4;4;1927;1950;0,08;756;6;2010;WD ;Normal;85000
232;9600;Pave;Sawyer;1Fam;1Story;4;7;1950;1995;0,11;1067;2;2010;WD ;Normal;128000
233;23595;Pave;ClearCr;1Fam;1Story;7;6;1979;1979;0,06;1332;4;2010;WD ;Normal;260000
234;17082;Pave;ClearCr;1Fam;2Story;6;5;1978;1992;0,07;1117;5;2010;WD ;Normal;230000
235;18600;Pave;Edwards;1Fam;1.5Fin;3;4;1938;1990;0,06;1052;6;2010;WD ;Normal;124000
236;10625;Pave;Edwards;1Fam;1Story;5;5;1920;1950;0,08;835;5;2010;COD;Abnorml;83000
237;11479;Pave;Edwards;1Fam;1Story;6;7;1950;1987;0,09;1074;6;2010;WD ;Normal;144500
238;9571;Pave;Edwards;1Fam;1Story;5;6;1956;1956;0,12;1144;6;2010;WD ;Normal;129000
239;9350;Pave;Edwards;1Fam;1.5Fin;4;6;1947;1979;0,13;1169;6;2010;WD ;Normal;127000
240;9525;Pave;Edwards;1Fam;1Story;5;7;1954;1998;0,12;1172;6;2010;WD ;Normal;128000
241;10420;Pave;Edwards;1Fam;1Story;6;5;2009;2009;0,12;1212;3;2010;WD ;Normal;186000
242;17485;Pave;Edwards;1Fam;1Story;7;5;2009;2010;0,09;1508;1;2010;Con;Partial;308030
243;11200;Pave;Edwards;1Fam;1Story;5;3;1964;1964;0,12;1298;6;2010;COD;Normal;114000
244;11100;Pave;Edwards;1Fam;1Story;4;7;1946;2006;0,08;930;4;2010;WD ;Abnorml;84900
245;9206;Pave;SawyerW;1Fam;2Story;6;5;1985;1985;0,11;977;6;2010;WD ;Normal;178000
246;11980;Pave;SawyerW;1Fam;1Story;7;5;1987;1987;0,12;1433;6;2010;WD ;Normal;270000
247;12361;Pave;SawyerW;1Fam;2Story;6;7;1993;1993;0,08;964;5;2010;WD ;Normal;218000
248;9938;Pave;SawyerW;1Fam;2Story;7;5;1993;1994;0,11;1062;6;2010;WD ;Normal;236000
249;9069;Pave;SawyerW;1Fam;SFoyer;6;6;1992;1992;0,11;996;4;2010;WD ;Normal;147000
250;10475;Pave;CollgCr;1Fam;1Story;8;5;2008;2008;0,16;1694;2;2010;WD ;Normal;245350
251;6762;Pave;CollgCr;1Fam;1Story;7;5;2006;2006;0,18;1208;2;2010;WD ;Normal;206000
252;10402;Pave;CollgCr;1Fam;1Story;7;5;2009;2009;0,12;1226;5;2010;WD ;Normal;198900
253;7360;Pave;CollgCr;1Fam;1Story;7;5;2010;2010;0,17;1222;3;2010;WD ;Normal;187000
254;12376;Pave;SawyerW;1Fam;2Story;7;5;1990;1990;0,14;1699;5;2010;WD ;Normal;320000
255;14235;Pave;SawyerW;1Fam;1.5Fin;6;8;1900;1993;0,06;831;3;2010;WD ;Normal;138500
256;8816;Pave;ClearCr;1Fam;SLvl;6;7;1971;1971;0,12;1052;6;2010;WD ;Normal;155000
257;11105;Pave;CollgCr;1Fam;SFoyer;5;5;1996;1996;0,09;965;7;2010;WD ;Normal;159000
258;9337;Pave;CollgCr;1Fam;2Story;7;5;1997;1998;0,1;892;4;2010;WD ;Normal;191000
259;8750;Pave;CollgCr;1Fam;2Story;6;5;1998;1998;0,09;804;6;2010;WD ;Normal;200500
260;15240;Pave;CollgCr;1Fam;1Story;5;8;1977;2004;0,07;1026;6;2010;WD ;Normal;150000
261;10900;Pave;CollgCr;1Fam;2Story;6;7;1977;1977;0,06;689;3;2010;WD ;Normal;161750
262;10650;Pave;CollgCr;1Fam;1Story;5;6;1976;1976;0,08;894;2;2010;WD ;Normal;128200
263;7480;Pave;CollgCr;1Fam;1Story;5;6;1972;1972;0,12;876;6;2010;WD ;Normal;127000
264;10389;Pave;CollgCr;1Fam;1Story;8;5;2003;2003;0,19;1978;5;2010;WD ;Normal;318000
265;11423;Pave;CollgCr;1Fam;1Story;8;5;2001;2002;0,14;1601;5;2010;WD ;Normal;272000
266;9548;Pave;CollgCr;1Fam;2Story;7;6;2003;2003;0,1;941;1;2010;WD ;Normal;237000
267;9375;Pave;CollgCr;1Fam;2Story;7;5;1997;1997;0,11;1044;4;2010;WD ;Normal;240000
268;12137;Pave;CollgCr;1Fam;1Story;7;5;1998;1998;0,14;1661;5;2010;WD ;Normal;224900
269;4435;Pave;CollgCr;TwnhsE;1Story;6;5;2003;2003;0,19;848;4;2010;WD ;Normal;143750
270;4426;Pave;CollgCr;TwnhsE;1Story;6;5;2004;2004;0,19;848;5;2010;WD ;Normal;143000
271;10635;Pave;CollgCr;1Fam;1Story;8;5;2003;2003;0,16;1668;5;2010;WD ;Normal;232000
272;8400;Pave;CollgCr;1Fam;1Story;7;5;2004;2005;0,18;1484;5;2010;WD ;Normal;213000
273;8773;Pave;CollgCr;1Fam;1Story;7;5;2004;2004;0,16;1414;5;2010;WD ;Normal;185500
274;8777;Pave;Edwards;1Fam;1Story;3;6;1945;2007;0,07;640;4;2010;ConLD;Normal;84900
275;8842;Pave;Edwards;1Fam;1Story;5;6;1954;1954;0,11;992;1;2010;Oth;Abnorml;155891
276;9825;Pave;Edwards;Duplex;1Story;5;5;1965;1965;0,17;1664;5;2010;WD ;Normal;100000
277;10044;Pave;Edwards;1Fam;1Story;5;6;1968;1968;0,12;1196;6;2010;WD ;Normal;144000
278;11792;Pave;Edwards;1Fam;1.5Fin;4;5;1948;1950;0,07;792;6;2010;WD ;Abnorml;64000
279;6305;Pave;Edwards;1Fam;SLvl;6;6;1975;1975;0,17;1096;6;2010;WD ;Normal;125200
280;7819;Pave;Edwards;1Fam;SLvl;6;5;1976;1976;0,14;1117;3;2010;WD ;Abnorml;107000
281;6410;Pave;Edwards;1Fam;1Story;4;5;1958;1958;0,15;960;5;2010;WD ;Normal;90000
282;8546;Pave;Edwards;1Fam;1Story;4;5;2003;2004;0,13;1121;3;2010;WD ;Normal;140000
283;8741;Pave;Edwards;1Fam;1.5Fin;6;4;1945;1950;0,09;798;4;2010;WD ;Normal;113000
284;12180;Pave;Edwards;2fmCon;1.5Fin;4;4;1941;1950;0,06;672;7;2010;WD ;Normal;80000
285;8562;Pave;Edwards;1Fam;1Story;5;6;1957;2002;0,18;1526;5;2010;WD ;Normal;144500
286;4853;Pave;SWISU;1Fam;1Story;5;6;1924;1999;0,27;1296;5;2010;WD ;Normal;104000
287;6858;Pave;SWISU;1Fam;2Story;6;4;1915;1950;0,12;841;5;2010;WD ;Normal;128000
288;8212;Pave;Edwards;1Fam;1Story;3;3;1914;1950;0,11;864;6;2010;WD ;Normal;58500
289;5000;Pave;SWISU;1Fam;1.5Fin;5;6;1924;1950;0,21;1026;5;2010;WD ;Normal;127000
290;7890;Pave;SWISU;1Fam;1Story;6;6;1939;1950;0,11;856;3;2010;WD ;Normal;126000
291;7200;Pave;SWISU;Duplex;2Story;4;6;1967;1967;0,12;862;2;2010;WD ;Normal;160000
292;9839;Pave;SWISU;1Fam;1.5Fin;5;2;1931;1950;0,09;894;5;2010;WD ;Normal;100000
293;9638;Pave;SWISU;1Fam;1.5Fin;6;7;1919;1990;0,18;1699;3;2010;WD ;Normal;169000
294;10452;Pave;Crawfor;1Fam;1.5Fin;7;6;1941;1985;0,12;1225;7;2010;WD ;Normal;257500
295;15600;Pave;Crawfor;Duplex;2Story;5;6;1950;1991;0,07;1102;3;2010;WD ;Normal;215000
296;9042;Pave;Crawfor;1Fam;2Story;7;9;1941;2006;0,13;1188;5;2010;WD ;Normal;266500
297;17500;Pave;Crawfor;1Fam;1Story;7;8;1959;2002;0,11;1902;5;2010;WD ;Normal;335000
298;19645;Pave;Crawfor;1Fam;SLvl;7;6;1994;2007;0,05;896;6;2010;WD ;Normal;203135
299;3907;Pave;Blueste;TwnhsE;1Story;8;6;1989;1989;0,26;1034;4;2010;WD ;Normal;185000
300;3907;Pave;Blueste;TwnhsE;1Story;8;5;1989;1989;0,3;1191;3;2010;WD ;Normal;162500
301;15602;Pave;Crawfor;1Fam;1Story;7;8;1959;1997;0,12;1801;3;2010;WD ;Normal;289000
302;5436;Pave;IDOTRR;1Fam;1.5Fin;4;8;1922;2007;0,15;796;5;2010;WD ;Normal;125500
303;8154;Pave;IDOTRR;1Fam;1Story;2;5;1941;1950;0,07;540;4;2010;ConLw;Normal;82000
304;9140;Pave;IDOTRR;1Fam;1.5Fin;6;5;1921;1975;0,08;727;4;2010;COD;Normal;110000
305;7500;Pave;IDOTRR;1Fam;1.5Fin;4;4;1920;1950;0,09;698;4;2010;COD;Abnorml;68400
306;8712;Pave;IDOTRR;1Fam;1.5Fin;4;7;1900;1950;0,1;859;1;2010;WD ;Abnorml;102776
307;8712;Grvl;IDOTRR;1Fam;1Story;5;5;1952;1952;0,12;1044;6;2010;WD ;Alloca;55993
308;8712;Grvl;IDOTRR;1Fam;1Story;4;7;1896;1950;0,11;952;6;2010;WD ;Alloca;50138
309;3811;Pave;Crawfor;TwnhsE;1Story;8;5;2004;2005;0,43;1646;5;2010;WD ;Normal;246000
310;11050;Pave;Mitchel;1Fam;2Story;8;5;1998;1999;0,09;1036;5;2010;WD ;Normal;254900
311;9620;Pave;Mitchel;1Fam;SLvl;6;7;1977;1977;0,13;1285;5;2010;WD ;Normal;190000
312;9196;Pave;Mitchel;1Fam;1Story;7;5;2003;2003;0,17;1560;4;2010;WD ;Normal;201000
313;12328;Pave;Mitchel;1Fam;SLvl;6;5;1976;1976;0,08;1034;5;2010;WD ;Normal;169900
314;12760;Pave;Mitchel;Duplex;1Story;6;5;1976;1976;0,16;2048;3;2010;ConLD;Normal;170000
315;57200;Pave;Timber;1Fam;1Story;5;5;1948;1950;0,03;1687;6;2010;WD ;Normal;160000
316;11896;Pave;Timber;1Fam;1Story;7;5;2008;2008;0,11;1346;5;2010;WD ;Normal;220000
317;9803;Pave;Timber;1Fam;1Story;7;5;2009;2010;0,12;1214;1;2010;New;Partial;179781
318;9802;Pave;Timber;1Fam;2Story;5;5;2006;2007;0,08;744;4;2010;WD ;Normal;174000
319;12003;Pave;Timber;1Fam;2Story;8;5;2009;2010;0,06;774;5;2010;New;Partial;269500
320;11316;Pave;Timber;1Fam;2Story;7;5;2002;2003;0,07;824;2;2010;WD ;Normal;214900
321;14191;Pave;Timber;1Fam;2Story;8;5;2002;2002;0,07;993;4;2010;WD ;Normal;202900
322;13214;Pave;Timber;1Fam;1Story;9;5;2008;2009;0,15;2018;5;2010;WD ;Normal;378500
323;15300;Pave;Mitchel;1Fam;1Story;5;5;1965;1977;0,08;1264;6;2010;WD ;Normal;169000
324;10114;Pave;Mitchel;1Fam;1Story;5;5;2004;2005;0,14;1430;3;2010;WD ;Normal;173500
325;9400;Pave;Mitchel;Duplex;2Story;6;5;1971;1971;0,1;912;4;2010;WD ;Normal;139000
326;11875;Pave;Mitchel;1Fam;1Story;5;5;1999;1999;0,11;1344;6;2010;WD ;Normal;166500
327;1974;Pave;MeadowV;TwnhsE;2Story;4;5;1973;1973;0,28;546;5;2010;WD ;Normal;83500
328;2394;Pave;MeadowV;Twnhs;1Story;5;6;1973;1973;0,39;945;5;2010;WD ;Normal;119500
329;2592;Pave;MeadowV;TwnhsE;2Story;5;3;1976;1976;0,21;536;4;2010;WD ;Normal;85000
330;1476;Pave;MeadowV;Twnhs;2Story;4;7;1970;1970;0,37;546;3;2010;WD ;Normal;76000
331;1491;Pave;MeadowV;TwnhsE;SFoyer;4;6;1972;1972;0,42;630;5;2010;WD ;Normal;75500
332;1900;Pave;MeadowV;TwnhsE;2Story;4;4;1970;1970;0,29;546;6;2010;WD ;Normal;88250
333;1890;Pave;MeadowV;TwnhsE;2Story;4;6;1972;1972;0,29;546;6;2010;WD ;Normal;85500
334;6953;Pave;Mitchel;1Fam;1Story;5;7;1971;2004;0,13;874;6;2010;ConLD;Normal;130000
335;26142;Pave;Mitchel;1Fam;1Story;5;7;1962;1962;0,05;1188;4;2010;WD ;Normal;157900
336;12887;Pave;Mitchel;1Fam;1Story;5;7;1984;1984;0,06;833;4;2010;WD ;Normal;149900
337;7700;Pave;Mitchel;Duplex;2Story;5;2;1985;1986;0,16;1216;2;2010;WD ;Normal;159000
338;10475;Pave;Mitchel;1Fam;2Story;5;5;1991;1991;0,06;624;3;2010;WD ;Normal;136000
339;10544;Pave;Mitchel;1Fam;1.5Fin;5;5;1969;1969;0,08;864;4;2010;WD ;Normal;161000
340;9892;Pave;Mitchel;1Fam;1Story;8;5;1994;1995;0,18;1803;2;2010;WD ;Normal;285000
341;12961;Pave;Mitchel;1Fam;2Story;6;5;1993;1994;0,09;1152;3;2010;WD ;Normal;231000
342;13008;Pave;NAmes;1Fam;1Story;6;5;1956;1956;0,07;882;10;2009;WD ;Normal;124500
343;10200;Pave;NAmes;1Fam;1Story;6;5;1974;1974;0,14;1434;6;2009;WD ;Normal;157000
344;13860;Pave;NAmes;1Fam;SLvl;8;7;1972;1995;0,14;2000;7;2009;WD ;Normal;345000
345;10179;Pave;Gilbert;1Fam;2Story;6;5;1997;1997;0,09;945;7;2009;WD ;Normal;189500
346;11792;Pave;Gilbert;1Fam;2Story;8;5;2003;2003;0,09;1008;8;2009;WD ;Normal;270000
347;8400;Pave;Gilbert;1Fam;SLvl;7;5;1996;1997;0,11;958;6;2009;WD ;Normal;189000
348;14892;Pave;Gilbert;1Fam;1Story;9;5;2006;2007;0,12;1746;10;2009;WD ;Normal;377500
349;8530;Pave;Gilbert;1Fam;SLvl;7;5;1995;1996;0,09;804;5;2009;WD ;Normal;168500
350;7296;Pave;StoneBr;TwnhsE;1Story;8;5;2004;2005;0,35;2522;11;2009;WD ;Normal;375000
351;5664;Pave;StoneBr;TwnhsE;1Story;8;5;2000;2000;0,29;1659;10;2009;WD ;Normal;278000
352;7380;Pave;StoneBr;1Fam;1Story;8;5;1998;1998;0,2;1478;7;2009;WD ;Normal;240000
353;8013;Pave;StoneBr;TwnhsE;1Story;8;5;1995;1996;0,22;1734;9;2009;WD ;Normal;239500
354;8923;Pave;Gilbert;1Fam;SLvl;7;5;1998;1998;0,08;751;2;2009;WD ;Normal;177500
355;10141;Pave;Gilbert;1Fam;2Story;7;5;1998;1998;0,09;885;12;2009;WD ;Normal;185000
356;7500;Pave;Gilbert;1Fam;2Story;6;5;1998;1999;0,13;952;10;2009;WD ;Normal;191000
357;7837;Pave;Gilbert;1Fam;2Story;6;7;1993;1994;0,1;799;5;2009;WD ;Normal;178000
358;9765;Pave;Gilbert;1Fam;2Story;6;8;1993;1993;0,07;680;4;2009;WD ;Normal;185000
359;8803;Pave;Gilbert;1Fam;2Story;6;5;1994;1995;0,08;707;7;2009;WD ;Normal;181316
360;7250;Pave;Gilbert;1Fam;1Story;6;5;1993;1993;0,16;1190;11;2009;WD ;Normal;166000
361;9636;Pave;Gilbert;1Fam;2Story;6;5;1992;1993;0,08;808;12;2009;WD ;Normal;178000
362;8125;Pave;Gilbert;1Fam;2Story;6;5;1994;1995;0,09;702;3;2009;WD ;Normal;174000
363;9248;Pave;Gilbert;1Fam;1Story;6;6;1992;1992;0,13;1167;7;2009;WD ;Normal;173000
364;10762;Pave;Gilbert;1Fam;2Story;7;5;1999;1999;0,09;1005;5;2009;WD ;Normal;225000
365;11851;Pave;Gilbert;1Fam;1Story;7;5;1990;1990;0,12;1442;5;2009;WD ;Normal;180500
366;5814;Pave;StoneBr;TwnhsE;1Story;8;5;1984;1984;0,23;1360;8;2009;COD;Abnorml;187500
367;17423;Pave;StoneBr;1Fam;1Story;9;5;2008;2009;0,13;2234;7;2009;New;Partial;501837
368;11844;Pave;StoneBr;1Fam;1Story;8;5;2008;2008;0,17;2046;7;2009;New;Partial;372500
369;16158;Pave;StoneBr;1Fam;1Story;7;5;2005;2005;0,09;1530;6;2009;WD ;Normal;260000
370;11900;Pave;Gilbert;1Fam;2Story;5;6;1977;1977;0,08;946;7;2009;WD ;Normal;185000
371;13005;Pave;NWAmes;1Fam;2Story;7;7;1980;1980;0,09;1153;8;2009;WD ;Normal;260000
372;17043;Pave;NWAmes;1Fam;1Story;6;5;1979;1998;0,09;1586;1;2009;WD ;Normal;181000
373;11900;Pave;NWAmes;1Fam;1Story;7;5;1977;1977;0,12;1411;4;2009;WD ;Family;82500
374;16635;Pave;NWAmes;1Fam;1Story;6;7;1977;2000;0,1;1602;6;2009;WD ;Normal;215000
375;13250;Pave;NWAmes;1Fam;2Story;7;6;1978;1978;0,09;1154;5;2009;WD ;Abnorml;154000
376;10928;Pave;NWAmes;1Fam;1Story;6;6;1978;1986;0,15;1671;8;2009;WD ;Normal;200000
377;12388;Pave;NWAmes;1Fam;2Story;7;7;1980;1991;0,12;1539;8;2009;WD ;Normal;249000
378;14115;Pave;NWAmes;1Fam;SLvl;7;5;1980;1980;0,1;1472;6;2009;WD ;Normal;187500
379;11088;Pave;NWAmes;1Fam;1Story;6;5;1978;1998;0,15;1707;5;2009;WD ;Normal;184000
380;9600;Pave;NWAmes;1Fam;1Story;8;5;1981;1981;0,26;2524;7;2009;WD ;Normal;278000
381;11880;Pave;NWAmes;1Fam;1Story;7;5;1978;1978;0,13;1601;4;2009;COD;Abnorml;157000
382;10400;Pave;NWAmes;1Fam;1Story;7;5;1976;1976;0,13;1370;6;2009;WD ;Family;152000
383;10304;Pave;NWAmes;1Fam;2Story;5;7;1976;1976;0,11;1088;10;2009;WD ;Normal;197500
384;7000;Pave;Somerst;1Fam;2Story;7;5;2003;2003;0,15;1016;6;2009;WD ;Normal;240900
385;8004;Pave;Somerst;1Fam;2Story;8;5;2009;2009;0,1;832;12;2009;New;Partial;263435
386;7500;Pave;Somerst;1Fam;2Story;8;5;2000;2001;0,14;1058;3;2009;WD ;Normal;220000
387;8470;Pave;Somerst;1Fam;2Story;8;5;2002;2002;0,11;972;10;2009;WD ;Normal;235000
388;9373;Pave;NWAmes;1Fam;1Story;5;7;1975;1975;0,17;1621;6;2009;WD ;Normal;213000
389;10140;Pave;NWAmes;1Fam;1Story;6;6;1974;1974;0,11;1116;4;2009;WD ;Normal;167900
390;11050;Pave;NWAmes;1Fam;1Story;7;5;1975;1975;0,11;1193;8;2009;WD ;Normal;158000
391;10140;Pave;NWAmes;1Fam;1Story;6;5;1974;1974;0,13;1350;8;2009;WD ;Normal;165000
392;10448;Pave;NWAmes;1Fam;SLvl;6;6;1972;1972;0,13;1378;8;2009;COD;Abnorml;158000
393;9000;Pave;NAmes;Duplex;2Story;5;5;1974;1974;0,1;896;9;2009;WD ;Normal;136000
394;8750;Pave;NAmes;1Fam;1Story;5;6;1970;1970;0,11;1002;8;2009;WD ;Normal;148500
395;7930;Pave;NAmes;1Fam;1Story;6;8;1969;2005;0,13;1026;7;2009;WD ;Normal;156000
396;7830;Pave;NAmes;1Fam;1Story;5;5;1970;1970;0,15;1180;3;2009;COD;Normal;128000
397;8510;Pave;NAmes;1Fam;1Story;5;7;1971;1971;0,12;1050;7;2009;WD ;Normal;143000
398;7038;Pave;NAmes;1Fam;1Story;4;6;1970;1970;0,12;864;9;2009;WD ;Abnorml;76500
399;6960;Pave;NAmes;1Fam;1Story;4;6;1970;1970;0,12;864;11;2009;WD ;Normal;120500
400;8120;Pave;NAmes;1Fam;1Story;4;7;1970;1970;0,11;864;7;2009;WD ;Normal;124500
401;10500;Pave;NAmes;1Fam;1Story;4;6;1971;1971;0,08;864;3;2009;WD ;Abnorml;97000
402;9000;Pave;NAmes;1Fam;1Story;4;7;1971;2006;0,1;864;7;2009;WD ;Normal;130000
403;1680;Pave;BrDale;Twnhs;2Story;6;5;1973;1973;0,29;483;7;2009;WD ;Normal;111000
404;2368;Pave;BrDale;TwnhsE;2Story;5;6;1970;1970;0,32;765;5;2009;WD ;Normal;125000
405;1680;Pave;BrDale;Twnhs;2Story;5;5;1971;1971;0,38;630;5;2009;COD;Abnorml;112000
406;1680;Pave;BrDale;Twnhs;2Story;6;6;1972;1972;0,29;483;7;2009;WD ;Normal;97000
407;1680;Pave;BrDale;Twnhs;2Story;6;8;1972;2007;0,29;483;5;2009;WD ;Normal;118000
408;1680;Pave;BrDale;Twnhs;2Story;5;7;1972;1972;0,38;630;2;2009;WD ;Normal;119500
409;4928;Pave;NPkVill;TwnhsE;1Story;6;6;1976;1976;0,19;958;10;2009;WD ;Normal;143750
410;2308;Pave;NPkVill;TwnhsE;2Story;6;5;1976;1976;0,35;804;9;2009;WD ;Normal;146000
411;2280;Pave;NPkVill;Twnhs;2Story;6;6;1976;1976;0,38;855;7;2009;WD ;Normal;148500
412;2280;Pave;NPkVill;Twnhs;1Story;7;5;1975;1975;0,46;1055;8;2009;WD ;Normal;123000
413;2308;Pave;NPkVill;TwnhsE;2Story;6;5;1974;1974;0,37;855;6;2009;WD ;Normal;147000
414;2349;Pave;NPkVill;Twnhs;2Story;6;5;1977;1977;0,36;855;5;2009;WD ;Normal;137900
415;2364;Pave;NPkVill;TwnhsE;2Story;6;5;1978;1978;0,34;804;7;2009;WD ;Normal;147000
416;2289;Pave;NPkVill;Twnhs;2Story;6;6;1978;1978;0,37;855;4;2009;WD ;Normal;148500
417;2364;Pave;NPkVill;TwnhsE;2Story;6;5;1978;1978;0,36;855;4;2009;WD ;Normal;138000
418;2104;Pave;NPkVill;TwnhsE;1Story;7;6;1976;1976;0,4;836;10;2009;WD ;Normal;128500
419;7150;Pave;NAmes;1Fam;1Story;5;5;1967;1967;0,12;892;7;2009;WD ;Normal;100000
420;10710;Pave;NAmes;1Fam;1Story;5;7;1966;2004;0,1;1120;7;2009;WD ;Normal;148800
421;12456;Pave;NridgHt;1Fam;1Story;10;5;2006;2007;0,14;1718;7;2009;WD ;Normal;337500
422;14257;Pave;NridgHt;1Fam;2Story;9;5;2007;2007;0,13;1794;6;2009;WD ;Normal;462000
423;13518;Pave;NridgHt;1Fam;2Story;9;5;2008;2009;0,15;1966;7;2009;New;Partial;485000
424;15431;Pave;NridgHt;1Fam;1Story;10;5;2008;2008;0,16;2402;4;2009;WD ;Normal;555000
425;13173;Pave;NridgHt;1Fam;1Story;9;5;2006;2007;0,13;1652;11;2009;WD ;Normal;325000
426;14230;Pave;NridgHt;1Fam;1Story;8;5;2007;2007;0,11;1600;7;2009;WD ;Normal;256300
427;12704;Pave;NridgHt;1Fam;1Story;8;5;2008;2009;0,16;2042;8;2009;New;Partial;253293
428;12350;Pave;NridgHt;1Fam;2Story;9;5;2009;2009;0,11;1365;7;2009;New;Partial;398800
429;11308;Pave;NridgHt;1Fam;2Story;9;5;2008;2008;0,1;1130;7;2009;WD ;Normal;335000
430;12350;Pave;NridgHt;1Fam;1Story;9;5;2008;2008;0,16;2020;5;2009;WD ;Normal;404000
431;12220;Pave;NridgHt;1Fam;1Story;10;5;2009;2009;0,17;2020;9;2009;New;Partial;402861
432;13478;Pave;NridgHt;1Fam;2Story;10;5;2008;2008;0,13;1728;6;2009;ConLI;Normal;451950
433;13693;Pave;NridgHt;1Fam;1Story;10;5;2007;2007;0,2;2674;3;2009;WD ;Normal;610000
434;13891;Pave;NridgHt;1Fam;2Story;9;5;2008;2009;0,12;1734;1;2009;New;Partial;582933
435;11578;Pave;NridgHt;1Fam;1Story;9;5;2008;2008;0,15;1736;7;2009;WD ;Normal;360000
436;16870;Pave;NridgHt;1Fam;1Story;8;5;2004;2005;0,11;1782;4;2009;WD ;Normal;296000
437;23303;Pave;NridgHt;1Fam;2Story;8;5;2007;2007;0,06;1508;6;2009;WD ;Family;409900
438;11146;Pave;NridgHt;1Fam;1Story;8;5;2006;2006;0,15;1717;7;2009;WD ;Normal;255500
439;10367;Pave;NridgHt;1Fam;1Story;9;5;2008;2008;0,17;1743;6;2009;ConLI;Normal;335000
440;9591;Pave;NridgHt;1Fam;1Story;8;5;2004;2005;0,18;1713;1;2009;WD ;Normal;274900
441;10872;Pave;NridgHt;1Fam;1Story;9;5;2006;2006;0,14;1531;2;2009;WD ;Normal;300000
442;13514;Pave;NridgHt;1Fam;1Story;9;5;2008;2008;0,13;1808;3;2009;WD ;Normal;324000
443;8834;Pave;NridgHt;1Fam;2Story;9;5;2004;2005;0,17;1462;6;2009;WD ;Normal;350000
444;11362;Pave;NridgHt;1Fam;1Story;8;5;2004;2005;0,16;1836;3;2009;WD ;Normal;280000
445;10655;Pave;NridgHt;1Fam;1Story;8;5;2003;2004;0,15;1629;10;2009;WD ;Normal;284000
446;12878;Pave;NridgHt;1Fam;1Story;7;5;2003;2004;0,14;1760;6;2009;WD ;Normal;269500
447;9541;Pave;NridgHt;1Fam;1Story;7;5;2009;2009;0,16;1502;9;2009;New;Partial;233170
448;13472;Pave;NridgHt;1Fam;1Story;10;5;2003;2003;0,18;2392;6;2009;WD ;Normal;386250
449;15274;Pave;NridgHt;1Fam;1Story;9;5;2003;2003;0,16;2452;7;2009;WD ;Normal;445000
450;13262;Pave;NridgHt;1Fam;2Story;8;5;2003;2004;0,08;1105;6;2009;WD ;Normal;290000
451;9658;Pave;NridgHt;1Fam;1Story;8;5;2006;2006;0,17;1606;7;2009;WD ;Normal;255900
452;6904;Pave;NridgHt;TwnhsE;1Story;6;5;2005;2005;0,2;1358;8;2009;WD ;Normal;213000
453;5381;Pave;NridgHt;Twnhs;1Story;6;5;2005;2005;0,24;1306;8;2009;WD ;Normal;196000
454;5122;Pave;NridgHt;Twnhs;1Story;6;5;2005;2005;0,25;1306;3;2009;WD ;Normal;184500
455;10307;Pave;NridgHt;TwnhsE;1Story;7;5;2007;2008;0,13;1358;5;2009;WD ;Normal;212500
456;5001;Pave;NridgHt;Twnhs;1Story;7;5;2007;2008;0,26;1314;7;2009;WD ;Normal;230000
457;14836;Pave;NridgHt;1Fam;1Story;10;5;2004;2005;0,17;2492;2;2009;WD ;Abnorml;552000
458;15262;Pave;NridgHt;1Fam;1Story;8;5;2003;2004;0,14;2200;7;2009;WD ;Normal;382500
459;7390;Pave;NridgHt;TwnhsE;1Story;9;5;2008;2009;0,25;1884;5;2009;New;Partial;320000
460;6472;Pave;NridgHt;TwnhsE;1Story;9;5;2008;2008;0,22;1456;4;2009;WD ;Normal;248500
461;16770;Pave;NridgHt;1Fam;1Story;8;5;2002;2003;0,1;1712;9;2009;WD ;Normal;286500
462;6240;Pave;NridgHt;TwnhsE;1Story;8;5;2006;2006;0,21;1324;12;2009;WD ;Normal;254000
463;3480;Pave;NridgHt;TwnhsE;1Story;7;5;2003;2003;0,4;1405;11;2009;WD ;Normal;173000
464;2268;Pave;NridgHt;Twnhs;2Story;7;5;2003;2004;0,34;764;7;2009;WD ;Normal;173000
465;10928;Pave;Gilbert;1Fam;2Story;7;5;2005;2005;0,07;728;6;2009;WD ;Normal;184000
466;8918;Pave;Gilbert;1Fam;2Story;6;5;2005;2006;0,08;745;7;2009;WD ;Normal;167800
467;12589;Pave;Gilbert;1Fam;2Story;6;5;2005;2005;0,06;742;6;2009;WD ;Normal;174000
468;11911;Pave;Gilbert;1Fam;2Story;6;5;2005;2005;0,06;684;3;2009;WD ;Normal;174000
469;3684;Pave;Blmngtn;TwnhsE;1Story;7;5;2007;2007;0,42;1555;6;2009;WD ;Normal;174000
470;3635;Pave;Blmngtn;TwnhsE;1Story;7;5;2007;2007;0,43;1569;5;2009;WD ;Normal;175900
471;3182;Pave;Blmngtn;TwnhsE;1Story;7;5;2005;2006;0,49;1555;5;2009;WD ;Normal;192500
472;3182;Pave;Blmngtn;TwnhsE;1Story;7;5;2005;2006;0,47;1504;5;2009;WD ;Normal;181000
473;3182;Pave;Blmngtn;TwnhsE;1Story;7;5;2005;2006;0,38;1220;8;2009;WD ;Normal;180000
474;3182;Pave;Blmngtn;TwnhsE;1Story;7;5;2005;2006;0,36;1145;9;2009;WD ;Normal;160200
475;7795;Pave;Gilbert;1Fam;2Story;7;5;2004;2005;0,09;716;7;2009;WD ;Normal;188500
476;8068;Pave;Gilbert;1Fam;2Story;6;5;2002;2002;0,13;1010;12;2009;ConLI;Normal;200000
477;9434;Pave;Gilbert;1Fam;SLvl;7;5;2004;2005;0,08;744;8;2009;WD ;Normal;170000
478;7984;Pave;Gilbert;1Fam;2Story;7;5;2004;2005;0,11;868;9;2009;WD ;Normal;189500
479;7750;Pave;Gilbert;1Fam;SLvl;8;5;2002;2002;0,1;779;3;2009;WD ;Normal;184100
480;10125;Pave;Gilbert;1Fam;2Story;7;5;2004;2004;0,08;846;7;2009;WD ;Normal;195500
481;8965;Pave;Gilbert;1Fam;2Story;7;5;2003;2003;0,09;806;6;2009;WD ;Normal;192000
482;8174;Pave;Gilbert;1Fam;2Story;7;5;2003;2003;0,09;698;5;2009;WD ;Normal;178000
483;5063;Pave;NridgHt;Twnhs;1Story;7;5;2007;2008;0,26;1314;4;2009;ConLw;Normal;207500
484;8795;Pave;Gilbert;1Fam;2Story;7;5;2000;2000;0,11;980;4;2009;WD ;Normal;236000
485;12891;Pave;Gilbert;1Fam;2Story;8;5;2002;2002;0,07;878;7;2009;WD ;Normal;257500
486;12224;Pave;Gilbert;1Fam;2Story;6;5;2000;2000;0,08;1022;7;2009;WD ;Normal;244000
487;9734;Pave;Gilbert;1Fam;SLvl;7;5;2004;2004;0,08;744;5;2009;WD ;Normal;167000
488;8123;Pave;Gilbert;1Fam;2Story;6;5;2000;2000;0,12;1007;6;2009;WD ;Normal;179000
489;8433;Pave;Gilbert;1Fam;2Story;6;5;2000;2000;0,1;819;6;2009;WD ;Normal;190000
490;7750;Pave;Gilbert;1Fam;SLvl;7;5;1999;2000;0,1;774;3;2009;WD ;Normal;156000
491;15896;Pave;Gilbert;1Fam;2Story;7;5;1999;1999;0,08;1223;5;2009;WD ;Normal;245000
492;24682;Pave;Gilbert;1Fam;2Story;6;5;1999;1999;0,04;892;6;2009;WD ;Normal;181000
493;8755;Pave;Gilbert;1Fam;2Story;7;5;1999;1999;0,12;1022;6;2009;WD ;Normal;214000
494;7848;Pave;Gilbert;1Fam;SLvl;7;6;1999;1999;0,1;774;6;2009;WD ;Normal;168000
495;9430;Pave;NoRidge;1Fam;2Story;8;5;1999;1999;0,13;1268;7;2009;WD ;Normal;337000
496;15138;Pave;NoRidge;1Fam;2Story;8;5;1995;1996;0,1;1490;7;2009;WD ;Normal;403000
497;12720;Pave;NoRidge;1Fam;2Story;8;5;2000;2000;0,12;1466;9;2009;WD ;Normal;327000
498;16545;Pave;NoRidge;1Fam;2Story;8;5;1998;1998;0,08;1310;5;2009;WD ;Normal;340000
499;12203;Pave;NoRidge;1Fam;2Story;8;5;1998;1999;0,1;1276;7;2009;WD ;Normal;336000
500;10208;Pave;NoRidge;1Fam;2Story;7;5;1996;1997;0,13;1277;7;2009;WD ;Normal;265000
501;10750;Pave;NoRidge;1Fam;1Story;8;5;1994;1995;0,19;2063;6;2009;WD ;Normal;315000
502;9900;Pave;NoRidge;1Fam;2Story;7;5;1993;1993;0,14;1372;4;2009;WD ;Normal;260000
503;9085;Pave;NoRidge;1Fam;2Story;7;5;1995;1996;0,12;1094;11;2009;WD ;Normal;260000
504;11692;Pave;NoRidge;1Fam;2Story;8;5;1993;1994;0,1;1215;10;2009;WD ;Normal;263550
505;46589;Pave;NoRidge;1Fam;2Story;8;7;1994;2005;0,04;1686;7;2009;WD ;Normal;402000
506;29959;Pave;NoRidge;1Fam;2Story;7;6;1994;1994;0,03;979;1;2009;WD ;Normal;248000
507;9612;Pave;Somerst;1Fam;1Story;8;5;2008;2009;0,15;1468;12;2009;New;Partial;244600
508;11194;Pave;Somerst;1Fam;1Story;8;5;2008;2008;0,15;1696;9;2009;WD ;Normal;275000
509;10206;Pave;Somerst;1Fam;1Story;8;5;2008;2008;0,16;1658;9;2009;WD ;Normal;257500
510;9262;Pave;Somerst;1Fam;1Story;8;5;2008;2009;0,17;1578;5;2009;New;Partial;287090
511;10130;Pave;Somerst;1Fam;1Story;8;5;2007;2007;0,17;1702;3;2009;WD ;Normal;275500
512;9139;Pave;Somerst;1Fam;1Story;8;5;2006;2006;0,16;1432;9;2009;WD ;Normal;245000
513;9675;Pave;Somerst;1Fam;2Story;7;5;2005;2005;0,12;1113;2;2009;WD ;Normal;253000
514;11128;Pave;Somerst;1Fam;1Story;9;5;2005;2006;0,22;2490;10;2009;WD ;Normal;468000
515;8640;Pave;Somerst;1Fam;2Story;7;5;2009;2009;0,11;932;7;2009;New;Partial;252678
516;9000;Pave;Somerst;1Fam;2Story;8;5;2008;2008;0,09;786;6;2009;WD ;Normal;210000
517;7862;Pave;Somerst;1Fam;1Story;6;5;2009;2009;0,15;1218;9;2009;New;Partial;208300
518;7993;Pave;Somerst;1Fam;1Story;7;5;2008;2009;0,18;1436;10;2009;New;Partial;225000
519;8640;Pave;Somerst;1Fam;1Story;8;5;2009;2009;0,15;1314;9;2009;New;Partial;229456
520;8640;Pave;Somerst;1Fam;1Story;7;5;2008;2008;0,16;1402;5;2009;WD ;Normal;229800
521;12606;Pave;Somerst;1Fam;1Story;9;5;2007;2008;0,12;1530;5;2009;WD ;Normal;250000
522;9187;Pave;Somerst;1Fam;1Story;9;5;2009;2009;0,19;1766;10;2009;New;Partial;370878
523;7500;Pave;Somerst;1Fam;1Story;8;5;2006;2007;0,19;1448;6;2009;WD ;Normal;238500
524;11003;Pave;Somerst;1Fam;2Story;10;5;2008;2008;0,09;1026;4;2009;WD ;Normal;310000
525;10603;Pave;Somerst;1Fam;2Story;8;5;2006;2006;0,09;909;7;2009;WD ;Normal;270000
526;10574;Pave;Somerst;1Fam;2Story;8;5;2005;2006;0,1;1082;5;2009;WD ;Normal;252000
527;8125;Pave;Somerst;1Fam;2Story;7;5;2006;2007;0,14;1112;10;2009;WD ;Normal;241000
528;8125;Pave;Somerst;1Fam;1Story;8;5;2008;2009;0,23;1836;10;2009;New;Partial;264500
529;10625;Pave;Somerst;1Fam;1Story;7;5;2006;2007;0,16;1662;3;2009;WD ;Normal;291000
530;9375;Pave;Somerst;1Fam;2Story;7;5;2003;2004;0,1;912;11;2009;WD ;Normal;263000
531;7500;Pave;Somerst;1Fam;1Story;7;5;2004;2005;0,16;1221;10;2009;WD ;Normal;185000
532;8736;Pave;Somerst;1Fam;1Story;7;5;2003;2004;0,18;1553;8;2009;WD ;Normal;234500
533;8127;Pave;Somerst;1Fam;2Story;7;5;2003;2003;0,1;812;3;2009;WD ;Normal;209000
534;9605;Pave;SawyerW;1Fam;1Story;7;6;2007;2007;0,13;1218;4;2009;WD ;Normal;159000
535;7500;Pave;SawyerW;1Fam;1Story;7;5;2006;2006;0,15;1141;6;2009;WD ;Normal;152000
536;7500;Pave;SawyerW;1Fam;1Story;6;5;2004;2004;0,15;1158;8;2009;WD ;Normal;143500
537;10628;Pave;SawyerW;1Fam;2Story;7;5;2004;2004;0,08;871;1;2009;WD ;Normal;193000
538;10141;Pave;SawyerW;1Fam;1Story;8;5;2004;2004;0,15;1512;1;2009;WD ;Normal;203000
539;10083;Pave;SawyerW;1Fam;1Story;7;5;2003;2003;0,12;1200;8;2009;WD ;Normal;184900
540;13072;Pave;SawyerW;1Fam;1Story;7;5;2004;2005;0,09;1114;5;2009;WD ;Normal;159000
541;13072;Pave;SawyerW;1Fam;1Story;5;5;2004;2004;0,09;1114;8;2009;WD ;Normal;142000
542;12450;Pave;SawyerW;1Fam;1Story;5;5;2003;2004;0,09;1114;6;2009;WD ;Normal;153000
543;7328;Pave;SawyerW;1Fam;1Story;7;5;2008;2009;0,2;1450;2;2009;New;Partial;224243
544;11492;Pave;SawyerW;1Fam;2Story;7;5;1996;1997;0,08;913;4;2009;WD ;Normal;220000
545;10994;Pave;SawyerW;1Fam;1Story;8;5;2005;2006;0,17;1844;9;2009;COD;Abnorml;257000
546;8529;Pave;SawyerW;1Fam;1Story;7;5;2001;2001;0,17;1434;4;2009;WD ;Normal;189000
547;7703;Pave;SawyerW;1Fam;2Story;6;6;1992;1992;0,11;833;11;2009;WD ;Normal;171500
548;10762;Pave;SawyerW;TwnhsE;2Story;6;6;1980;1980;0,06;626;4;2009;WD ;Normal;120000
549;7175;Pave;SawyerW;TwnhsE;1Story;6;5;1990;1991;0,19;1332;2;2009;WD ;Normal;145000
550;9109;Pave;SawyerW;1Fam;2Story;7;5;1994;1994;0,08;754;10;2009;WD ;Normal;184000
551;10274;Pave;SawyerW;1Fam;2Story;6;7;1986;1986;0,07;698;7;2009;WD ;Normal;162000
552;8250;Pave;SawyerW;Duplex;2Story;6;7;1981;1981;0,12;964;5;2009;WD ;Normal;160000
553;8400;Pave;SawyerW;1Fam;1Story;4;4;1950;1950;0,1;841;9;2009;WD ;Normal;82000
554;9000;Pave;SawyerW;1Fam;1.5Unf;6;3;1928;1950;0,09;784;10;2009;WD ;Normal;76000
555;9750;Pave;Sawyer;1Fam;1Story;5;5;1962;1962;0,1;980;11;2009;WD ;Normal;110000
556;7064;Pave;Sawyer;1Fam;1Story;5;6;1977;1977;0,14;980;7;2009;WD ;Normal;135000
557;8499;Pave;Sawyer;1Fam;1Story;5;6;1961;1961;0,1;864;6;2009;WD ;Normal;141000
558;9079;Pave;Sawyer;1Fam;1Story;5;5;1961;1961;0,1;864;7;2009;WD ;Normal;122000
559;9316;Pave;Sawyer;1Fam;1Story;5;5;1965;1965;0,11;1020;5;2009;Oth;Family;124100
560;7791;Pave;Sawyer;1Fam;1Story;5;8;1963;1995;0,12;912;10;2009;WD ;Normal;129000
561;10000;Pave;Sawyer;1Fam;1Story;5;6;1961;1983;0,11;1144;3;2009;WD ;Normal;131400
562;8281;Pave;Sawyer;1Fam;1Story;5;5;1965;1965;0,1;864;12;2009;WD ;Normal;62383
563;7150;Pave;Sawyer;1Fam;1Story;5;6;1962;1962;0,13;912;10;2009;WD ;Normal;123000
564;15676;Pave;Veenker;1Fam;1Story;8;8;1980;1980;0,13;2014;4;2009;WD ;Normal;275000
565;11949;Pave;NoRidge;1Fam;2Story;7;8;1991;2008;0,08;975;7;2009;WD ;Normal;235000
566;2880;Pave;Somerst;Twnhs;2Story;7;5;2004;2005;0,48;1376;7;2009;WD ;Normal;280750
567;3951;Pave;Somerst;TwnhsE;2Story;6;5;2009;2009;0,15;612;6;2009;New;Partial;164500
568;3000;Pave;Somerst;TwnhsE;2Story;6;5;2009;2009;0,2;612;6;2009;New;Partial;173733
569;3830;Pave;Somerst;TwnhsE;1Story;6;5;2008;2008;0,45;1726;1;2009;New;Partial;222000
570;4217;Pave;Somerst;TwnhsE;1Story;6;5;2008;2008;0,3;1256;3;2009;WD ;Normal;195000
571;3230;Pave;Somerst;TwnhsE;2Story;6;5;1999;1999;0,23;742;3;2009;WD ;Normal;172500
572;2998;Pave;Somerst;TwnhsE;2Story;6;5;2000;2000;0,25;756;8;2009;WD ;Normal;180000
573;3768;Pave;Somerst;TwnhsE;2Story;7;5;1999;1999;0,19;713;9;2009;WD ;Normal;156000
574;2645;Pave;Somerst;Twnhs;2Story;8;5;1999;2000;0,37;983;8;2009;WD ;Abnorml;172500
575;14694;Pave;Veenker;1Fam;1Story;8;9;1977;2008;0,12;1694;6;2009;WD ;Normal;318750
576;3782;Pave;Greens;TwnhsE;1Story;8;5;1981;1981;0,32;1226;9;2009;WD ;Normal;211500
577;15417;Pave;Veenker;1Fam;1Story;7;5;1981;1981;0,11;1740;6;2009;WD ;Normal;241600
578;9600;Pave;Veenker;1Fam;SLvl;8;5;1976;1976;0,15;1487;1;2009;WD ;Abnorml;180500
579;9991;Pave;Sawyer;1Fam;1Story;4;4;1976;1993;0,16;1620;6;2009;WD ;Normal;150000
580;11700;Pave;NWAmes;1Fam;2Story;6;6;1968;1968;0,07;829;5;2009;WD ;Normal;154000
581;11717;Pave;NWAmes;1Fam;1Story;6;6;1970;1970;0,12;1442;2;2009;WD ;Normal;185000
582;9156;Pave;NWAmes;1Fam;1Story;6;7;1968;1968;0,16;1489;8;2009;WD ;Normal;185750
583;10382;Pave;NWAmes;1Fam;2Story;7;6;1973;1973;0,11;1107;11;2009;WD ;Normal;200000
584;12732;Pave;NWAmes;1Fam;2Story;7;6;1974;1974;0,1;1285;6;2009;WD ;Normal;206000
585;12936;Pave;NWAmes;1Fam;2Story;6;6;1972;1972;0,06;735;12;2009;WD ;Normal;162000
586;10400;Pave;NWAmes;1Fam;2Story;6;7;1967;1997;0,12;1271;5;2009;WD ;Normal;256900
587;17871;Pave;NWAmes;1Fam;SLvl;6;5;1967;1976;0,1;1724;6;2009;WD ;Normal;197900
588;9600;Pave;NWAmes;1Fam;1Story;5;5;1969;1969;0,14;1336;8;2009;WD ;Normal;163000
589;9000;Pave;NWAmes;1Fam;1Story;6;5;1969;1969;0,14;1216;8;2009;WD ;Abnorml;113000
590;13774;Pave;NWAmes;1Fam;2Story;7;7;1977;1992;0,1;1316;11;2009;WD ;Normal;230000
591;9650;Pave;NWAmes;1Fam;1Story;6;5;1977;1977;0,14;1334;4;2009;WD ;Normal;167900
592;10140;Pave;NWAmes;1Fam;1Story;7;5;1998;1999;0,17;1680;6;2009;WD ;Normal;213250
593;8400;Pave;NWAmes;1Fam;2Story;8;6;2001;2001;0,1;810;11;2009;WD ;Normal;227000
594;7130;Pave;NAmes;1Fam;1Story;5;6;1967;1967;0,12;864;6;2009;WD ;Normal;130000
595;9600;Pave;NAmes;1Fam;1Story;5;5;1967;1967;0,16;1568;3;2009;COD;Normal;143000
596;9100;Pave;NAmes;1Fam;1Story;5;6;1965;1965;0,1;925;7;2009;WD ;Normal;117500
597;9600;Pave;NWAmes;1Fam;2Story;7;5;1974;1974;0,12;1165;5;2009;COD;Abnorml;168500
598;16500;Pave;NWAmes;1Fam;SFoyer;6;5;1971;1971;0,08;1320;5;2009;WD ;Normal;172500
599;9790;Pave;NWAmes;1Fam;1Story;6;5;1967;1967;0,14;1342;9;2009;WD ;Normal;161500
600;7436;Pave;NAmes;1Fam;1Story;4;7;1960;1960;0,12;894;8;2009;WD ;Normal;141500
601;8125;Pave;NAmes;1Fam;1Story;5;7;1959;1959;0,11;864;9;2009;WD ;Normal;118000
602;9100;Pave;NAmes;1Fam;1Story;6;6;1959;1959;0,09;864;10;2009;WD ;Normal;127500
603;9450;Pave;NAmes;1Fam;1Story;4;5;1957;1957;0,14;1362;5;2009;WD ;Normal;140000
604;13495;Pave;NAmes;1Fam;1Story;5;6;1956;1956;0,13;1728;7;2009;WD ;Normal;177625
605;11475;Pave;NAmes;Duplex;1Story;5;5;1958;1958;0,15;1776;7;2009;COD;Abnorml;110000
606;10004;Pave;NAmes;1Fam;1Story;6;6;1964;1964;0,15;1516;2;2009;WD ;Normal;167000
607;9350;Pave;NAmes;1Fam;1Story;5;6;1961;1995;0,14;1313;2;2009;WD ;Normal;153000
608;10500;Pave;NAmes;1Fam;1Story;5;5;1964;1964;0,12;1292;7;2009;COD;Abnorml;145100
609;11000;Pave;NAmes;1Fam;1Story;5;6;1966;1966;0,1;1154;11;2009;WD ;Normal;154000
610;8970;Pave;NAmes;1Fam;2Story;5;6;1965;1965;0,09;825;6;2009;WD ;Normal;177500
611;12095;Pave;NAmes;1Fam;SLvl;6;6;1964;1964;0,12;1445;8;2009;WD ;Normal;158000
612;9600;Pave;NAmes;1Fam;1Story;5;6;1959;1959;0,11;1041;7;2009;WD ;Normal;124500
613;11475;Pave;NAmes;1Fam;SLvl;6;6;1961;1961;0,14;1576;9;2009;WD ;Normal;174500
614;9768;Pave;NAmes;1Fam;1Story;5;5;1955;1955;0,1;960;2;2009;WD ;Normal;122000
615;5330;Pave;BrkSide;1Fam;1Story;4;7;1940;1950;0,13;708;12;2009;WD ;Normal;82500
616;7015;Pave;BrkSide;1Fam;1.5Fin;5;4;1950;1950;0,14;979;7;2009;WD ;Normal;110000
617;12160;Pave;NAmes;1Fam;1Story;6;4;1953;1953;0,12;1505;2;2009;WD ;Normal;149500
618;9900;Pave;NAmes;1Fam;1Story;6;5;1967;1967;0,17;1691;4;2009;WD ;Normal;175000
619;9600;Pave;NAmes;1Fam;1Story;6;5;1953;1953;0,17;1644;10;2009;WD ;Normal;167000
620;9600;Pave;NAmes;1Fam;1Story;5;6;1956;1956;0,11;1050;6;2009;WD ;Normal;128900
621;9600;Pave;NAmes;1Fam;1.5Fin;6;8;1950;2005;0,12;1112;9;2009;WD ;Normal;140000
622;9600;Pave;NAmes;1Fam;1Story;5;7;1950;2007;0,12;1113;7;2009;WD ;Normal;147000
623;8944;Pave;NAmes;Duplex;1Story;5;5;1967;1967;0,18;1584;4;2009;WD ;Normal;124000
624;10573;Pave;NAmes;1Fam;1Story;6;6;1961;1961;0,14;1453;4;2009;WD ;Normal;187500
625;9500;Pave;NAmes;1Fam;1Story;6;5;1963;1963;0,15;1394;7;2009;WD ;Normal;159000
626;14695;Pave;NAmes;1Fam;1Story;6;8;1966;2008;0,11;1567;7;2009;WD ;Normal;256000
627;13600;Pave;NAmes;1Fam;2Story;7;6;1965;1990;0,09;1186;10;2009;WD ;Normal;205000
628;13000;Pave;NAmes;1Fam;2Story;6;6;1968;1968;0,09;1182;6;2009;WD ;Normal;193500
629;13560;Pave;NAmes;1Fam;1Story;6;3;1968;1968;0,1;1392;7;2009;WD ;Normal;110000
630;12513;Pave;NAmes;1Fam;1.5Fin;4;4;1920;2007;0,1;1281;6;2009;WD ;Normal;104900
631;8760;Pave;NAmes;1Fam;1Story;5;7;1956;1956;0,13;1144;6;2009;WD ;Normal;150000
632;8400;Pave;NAmes;1Fam;1Story;6;3;1957;1957;0,18;1478;6;2009;WD ;Normal;156500
633;12285;Pave;NAmes;1Fam;1Story;7;6;1960;1960;0,11;1329;8;2009;WD ;Normal;176000
634;9240;Pave;NAmes;1Fam;1Story;6;8;1959;1998;0,11;988;6;2009;WD ;Normal;149500
635;9600;Pave;NAmes;1Fam;1Story;6;6;1958;1988;0,17;1632;4;2009;WD ;Normal;139000
636;12400;Pave;NAmes;1Fam;1Story;6;7;1958;1998;0,1;1215;6;2009;WD ;Normal;155000
637;8750;Pave;NAmes;1Fam;1Story;5;5;1956;1956;0,14;1202;11;2009;COD;Abnorml;120000
638;8750;Pave;NAmes;1Fam;1Story;5;5;1955;1955;0,16;1382;7;2009;WD ;Normal;153000
639;10400;Pave;NAmes;1Fam;1Story;4;5;1956;1956;0,12;1200;11;2009;WD ;Family;144000
640;19296;Pave;NAmes;1Fam;SLvl;6;5;1962;1962;0,07;1382;5;2009;WD ;Normal;176000
641;8532;Pave;NAmes;1Fam;1Story;5;6;1954;1990;0,15;1297;10;2009;WD ;Normal;153000
642;9482;Pave;NAmes;Duplex;1Story;5;4;1958;1958;0,2;1866;12;2009;WD ;Normal;135000
643;8128;Pave;NAmes;1Fam;1Story;6;7;1954;1954;0,13;1062;2;2009;WD ;Normal;131000
644;10634;Pave;NAmes;1Fam;1Story;5;6;1953;1953;0,12;1319;11;2009;WD ;Normal;123000
645;13070;Pave;NAmes;1Fam;1Story;5;5;1951;1951;0,09;1112;10;2009;WD ;Normal;126000
646;10434;Pave;NAmes;1Fam;1Story;4;5;1955;1955;0,1;1005;11;2009;WD ;Normal;115000
647;14559;Pave;NAmes;1Fam;1Story;5;7;1951;2000;0,09;1363;6;2009;WD ;Normal;164900
648;8480;Pave;NAmes;1Fam;1Story;5;6;1945;1950;0,09;793;8;2009;WD ;Normal;113000
649;7626;Pave;NAmes;1Fam;1Story;5;8;1952;2005;0,14;1031;3;2009;WD ;Normal;145500
650;9533;Pave;NAmes;1Fam;1Story;5;5;1953;1953;0,13;1210;8;2009;ConLD;Normal;102900
651;10615;Pave;OldTown;2fmCon;2Story;3;5;1900;1970;0,1;1014;8;2009;WD ;Abnorml;95000
652;11419;Pave;NAmes;1Fam;2Story;7;7;1948;1999;0,07;801;12;2009;WD ;Normal;152500
653;9600;Pave;NAmes;1Fam;1Story;5;6;1950;1950;0,13;1200;8;2009;WD ;Normal;129900
654;8000;Pave;NAmes;1Fam;1Story;6;6;1948;2002;0,12;972;5;2009;WD ;Normal;132000
655;5470;Pave;OldTown;1Fam;1Story;3;5;1958;1958;0,14;792;8;2009;WD ;Normal;99900
656;10410;Pave;OldTown;1Fam;1.5Fin;5;7;1916;1987;0,08;808;8;2009;WD ;Normal;135000
657;10800;Pave;OldTown;1Fam;2Story;5;7;1939;2006;0,06;676;8;2009;WD ;Normal;149000
658;8146;Pave;OldTown;1Fam;2Story;4;8;1900;2003;0,09;717;5;2009;WD ;Normal;114000
659;9022;Pave;OldTown;1Fam;1Story;5;8;1924;2006;0,09;792;5;2009;WD ;Normal;109500
660;10230;Pave;OldTown;1Fam;1Story;5;7;1925;1950;0,11;1078;12;2009;WD ;Normal;125000
661;10410;Pave;OldTown;1Fam;1.5Fin;4;5;1915;1950;0,13;1313;6;2009;WD ;Normal;142900
662;7200;Pave;OldTown;1Fam;2Story;7;9;1910;2008;0,13;930;8;2009;WD ;Normal;156500
663;5400;Pave;OldTown;1Fam;1Story;2;5;1940;1950;0,11;599;6;2009;WD ;Normal;59000
664;5400;Pave;OldTown;1Fam;1.5Fin;4;6;1920;1950;0,16;840;10;2009;WD ;Normal;105000
665;10800;Pave;OldTown;1Fam;1Story;5;7;1920;1950;0,08;846;6;2009;WD ;Normal;106000
666;10800;Pave;OldTown;1Fam;1Story;3;5;1890;1998;0,07;725;11;2009;WD ;Normal;78500
667;9671;Pave;NAmes;Duplex;2Story;6;5;1969;1969;0,13;1248;8;2009;WD ;Normal;190000
668;10143;Pave;NAmes;1Fam;1Story;6;7;1963;1963;0,14;1380;6;2009;WD ;Normal;154000
669;11500;Pave;NAmes;1Fam;1Story;6;4;1967;1967;0,09;1040;5;2009;WD ;Normal;163000
670;11643;Pave;NAmes;Duplex;2Story;5;5;1969;1969;0,11;1338;8;2009;WD ;Normal;200000
671;8010;Pave;NAmes;1Fam;1Story;6;9;1958;2007;0,12;951;9;2009;WD ;Normal;143500
672;10454;Pave;NAmes;1Fam;1Story;6;6;1957;1957;0,11;1105;4;2009;WD ;Normal;135000
673;8712;Pave;NAmes;1Fam;1Story;5;7;1957;2000;0,15;1306;5;2009;WD ;Normal;153000
674;17600;Pave;NAmes;1Fam;1Story;6;5;1960;1960;0,08;1478;12;2009;WD ;Normal;157500
675;9000;Pave;NAmes;1Fam;1Story;6;6;1958;1958;0,13;1142;4;2009;WD ;Normal;113500
676;12144;Pave;NAmes;1Fam;1Story;5;7;1949;1950;0,09;1036;9;2009;WD ;Normal;133000
677;8544;Pave;NAmes;Duplex;1Story;3;4;1950;1950;0,12;1040;6;2009;WD ;Normal;92900
678;8064;Pave;NAmes;1Fam;1.5Fin;6;5;1950;1950;0,09;765;12;2009;COD;Abnorml;128500
679;7200;Pave;NAmes;Duplex;1Story;4;5;1949;1950;0,14;1040;6;2009;WD ;Normal;90000
680;7200;Pave;NAmes;1Fam;1.5Fin;5;4;1950;1982;0,16;1136;5;2009;WD ;Normal;138000
681;7350;Pave;NAmes;1Fam;1Story;5;6;1958;1958;0,14;1041;3;2009;WD ;Normal;128000
682;7560;Pave;NAmes;1Fam;1Story;5;6;1958;1965;0,18;1339;5;2009;COD;Abnorml;139000
683;7200;Pave;NAmes;1Fam;1Story;5;7;1952;1952;0,1;732;9;2009;WD ;Normal;118900
684;8000;Pave;NAmes;1Fam;SLvl;5;5;1959;1959;0,15;1183;7;2009;WD ;Normal;138000
685;7931;Pave;NAmes;1Fam;1Story;5;5;1959;1959;0,14;1148;7;2009;WD ;Normal;132500
686;10800;Pave;NAmes;1Fam;1.5Fin;4;7;1949;1996;0,08;832;8;2009;WD ;Normal;133500
687;8064;Pave;NAmes;1Fam;1.5Fin;6;7;1948;1994;0,13;1064;8;2009;COD;Abnorml;135000
688;7570;Pave;NAmes;1Fam;2Story;6;5;1964;1964;0,13;993;3;2009;WD ;Normal;144750
689;8604;Pave;NAmes;Duplex;SFoyer;5;7;1978;1978;0,11;941;11;2009;WD ;Normal;145000
690;7936;Pave;NAmes;1Fam;1Story;6;6;1963;1963;0,13;1045;4;2009;WD ;Normal;127000
691;6600;Pave;NAmes;1Fam;1Story;5;5;1962;1962;0,14;894;8;2009;WD ;Normal;109500
692;3950;Pave;OldTown;1Fam;1.5Fin;6;8;1926;2004;0,21;818;12;2009;WD ;Normal;115000
693;10440;Pave;OldTown;1Fam;2Story;5;6;1910;1981;0,07;682;5;2009;WD ;Normal;110000
694;4080;Pave;OldTown;1Fam;1.5Fin;6;8;1935;1998;0,21;861;6;2009;WD ;Normal;128900
695;10307;Pave;OldTown;Duplex;2Story;6;5;1910;1950;0,09;972;6;2009;WD ;Normal;103500
696;5720;Pave;OldTown;1Fam;1.5Fin;5;6;1941;1950;0,12;676;8;2009;WD ;Abnorml;66500
697;15660;Pave;OldTown;1Fam;1.5Fin;5;8;1910;2003;0,05;810;7;2009;WD ;Normal;130000
698;9900;Pave;OldTown;1Fam;2Story;5;8;1910;2002;0,08;764;3;2009;WD ;Normal;129000
699;6406;Pave;OldTown;1Fam;2Story;5;6;1939;1950;0,14;868;10;2009;WD ;Normal;150000
700;6600;Pave;OldTown;1Fam;2Story;5;4;1892;1965;0,21;1378;12;2009;WD ;Normal;107500
701;7627;Pave;OldTown;2fmCon;2Story;4;6;1920;1950;0,14;1101;10;2009;WD ;Normal;94550
702;7596;Pave;OldTown;Duplex;2Story;5;5;1952;1952;0,13;960;7;2009;COD;Normal;124500
703;3378;Pave;OldTown;1Fam;2Story;7;8;1946;1992;0,21;707;9;2009;WD ;Normal;135000
704;10134;Pave;OldTown;1Fam;1.5Fin;5;5;1910;1950;0,08;801;7;2009;WD ;Normal;103000
705;6000;Pave;OldTown;2fmCon;1Story;4;4;1953;1953;0,16;936;2;2009;WD ;Normal;93000
706;6000;Pave;OldTown;1Fam;1.5Fin;5;7;1950;1970;0,13;768;3;2009;WD ;Normal;129500
707;6000;Pave;OldTown;2fmCon;1.5Fin;5;4;1954;1954;0,14;811;11;2009;WD ;Normal;93000
708;7404;Pave;OldTown;1Fam;1Story;4;6;1920;1950;0,12;861;11;2009;Oth;Normal;80000
709;5925;Pave;OldTown;1Fam;1Story;2;4;1940;1950;0,1;612;10;2009;WD ;Normal;45000
710;5925;Pave;OldTown;1Fam;1.5Fin;3;6;1910;1950;0,1;600;5;2009;WD ;Abnorml;37900
711;5784;Pave;OldTown;1Fam;1Story;5;8;1938;1996;0,15;886;12;2009;WD ;Normal;91300
712;8520;Pave;OldTown;1Fam;1Story;5;8;1923;1950;0,09;792;2;2009;WD ;Normal;99500
713;4456;Pave;OldTown;2fmCon;2Story;4;5;1920;2008;0,17;736;6;2009;New;Partial;113000
714;9600;Pave;OldTown;1Fam;2Story;4;4;1910;1950;0,09;833;6;2009;WD ;Normal;87500
715;3500;Pave;OldTown;1Fam;1.5Fin;5;7;1947;1950;0,21;720;4;2009;WD ;Normal;110000
716;8100;Pave;OldTown;1Fam;2.5Unf;5;5;1898;1965;0,13;1075;11;2009;WD ;Normal;106000
717;11700;Pave;OldTown;1Fam;2Story;7;7;1880;2003;0,11;1320;5;2009;WD ;Normal;265979
718;8400;Pave;OldTown;1Fam;2Story;6;7;1900;1950;0,13;1090;6;2009;WD ;Normal;160000
719;3600;Pave;OldTown;1Fam;2Story;6;7;1917;2007;0,18;664;5;2009;WD ;Normal;119000
720;17671;Pave;OldTown;1Fam;2Story;8;9;1882;1986;0,05;916;11;2009;WD ;Normal;168000
721;3300;Pave;OldTown;1Fam;1Story;4;3;1910;1950;0,25;816;6;2009;WD ;Normal;58500
722;9000;Pave;OldTown;1Fam;2Story;7;9;1920;1988;0,09;832;7;2009;WD ;Normal;143000
723;7200;Pave;OldTown;1Fam;1Story;5;4;1910;2006;0,14;1022;6;2009;WD ;Normal;85000
724;8820;Pave;OldTown;1Fam;1.5Fin;5;6;1890;1996;0,13;1188;9;2009;WD ;Normal;124900
725;5400;Pave;OldTown;1Fam;1.5Fin;6;6;1920;1950;0,19;1044;9;2009;ConLI;Family;119000
726;9720;Pave;OldTown;1Fam;2Story;6;7;1910;2002;0,08;780;9;2009;WD ;Normal;146500
727;7879;Pave;IDOTRR;1Fam;1Story;4;5;1920;1950;0,09;720;11;2009;WD ;Abnorml;34900
728;9392;Pave;IDOTRR;1Fam;1Story;3;3;1900;1950;0,08;797;9;2009;WD ;Abnorml;44000
729;21384;Pave;BrkSide;1Fam;2Story;5;6;1923;2004;0,05;1072;5;2009;WD ;Normal;223500
730;6615;Pave;BrkSide;1Fam;1Story;6;6;1923;1950;0,22;1432;9;2009;WD ;Normal;149000
731;7264;Pave;BrkSide;1Fam;1.5Fin;7;7;1925;2007;0,13;952;10;2009;WD ;Normal;205000
732;4960;Pave;BrkSide;1Fam;1.5Fin;5;7;1930;1982;0,2;1001;5;2009;WD ;Normal;137000
733;8854;Pave;BrkSide;1Fam;1.5Unf;6;6;1916;1950;0,11;952;5;2009;WD ;Normal;121000
734;6000;Pave;BrkSide;1Fam;1.5Fin;4;6;1936;1950;0,13;757;7;2009;WD ;Normal;128000
735;6000;Pave;BrkSide;1Fam;1.5Fin;6;9;1937;2000;0,13;786;7;2009;WD ;Normal;134900
736;6000;Pave;BrkSide;1Fam;1.5Fin;5;8;1925;1997;0,15;884;5;2009;WD ;Normal;117000
737;6000;Pave;BrkSide;1Fam;1.5Fin;6;6;1939;1950;0,14;825;5;2009;WD ;Normal;132500
738;6000;Pave;BrkSide;1Fam;1.5Fin;5;5;1924;1950;0,14;822;6;2009;WD ;Normal;93000
739;6000;Pave;BrkSide;1Fam;1.5Unf;6;7;1926;2004;0,15;904;1;2009;WD ;Normal;119000
740;6911;Pave;BrkSide;1Fam;1Story;5;5;1924;1950;0,19;1301;10;2009;WD ;Normal;100000
741;6120;Pave;BrkSide;1Fam;1.5Fin;5;6;1936;1950;0,17;1067;4;2009;WD ;Normal;141500
742;6120;Pave;BrkSide;1Fam;1.5Fin;4;7;1935;1995;0,16;989;7;2009;WD ;Normal;133000
743;6120;Pave;BrkSide;1Fam;1Story;2;3;1936;1950;0,13;800;1;2009;ConLw;Normal;60000
744;6120;Pave;BrkSide;1Fam;1Story;5;7;1931;1993;0,14;875;11;2009;WD ;Normal;105000
745;6120;Pave;BrkSide;1Fam;1Story;5;6;1925;1999;0,16;995;3;2009;WD ;Abnorml;115000
746;6120;Pave;BrkSide;1Fam;1.5Fin;5;6;1938;1950;0,16;994;2;2009;WD ;Normal;150000
747;8635;Pave;BrkSide;1Fam;1Story;5;5;1925;1950;0,12;1072;8;2009;WD ;Normal;126500
748;11888;Pave;BrkSide;1Fam;2.5Unf;6;6;1916;1994;0,12;1445;7;2009;WD ;Normal;214500
749;11414;Pave;BrkSide;1Fam;2Story;7;8;1910;1993;0,1;1136;10;2009;WD ;Normal;167500
750;8094;Pave;OldTown;1Fam;2Story;6;6;1915;1950;0,13;1048;6;2009;WD ;Normal;155000
751;2500;Pave;OldTown;1Fam;2Story;7;8;1915;2005;0,37;916;6;2009;WD ;Normal;155000
752;9928;Pave;OldTown;1Fam;2Story;7;8;1915;1994;0,13;1272;6;2009;WD ;Normal;179900
753;5520;Pave;OldTown;1Fam;2.5Fin;6;6;1912;1950;0,17;929;7;2009;WD ;Abnorml;104000
754;3000;Pave;OldTown;Duplex;2Story;5;1;1922;1950;0,36;1088;9;2009;WD ;Abnorml;62500
755;6876;Pave;IDOTRR;1Fam;2Story;6;5;1927;1950;0,17;1146;8;2009;WD ;Normal;149000
756;6240;Pave;IDOTRR;1Fam;1.5Fin;4;5;1925;1950;0,14;848;1;2009;WD ;Normal;103000
757;5775;Pave;OldTown;1Fam;2Story;6;7;1915;2002;0,13;741;2;2009;WD ;Normal;123000
758;5852;Pave;OldTown;2fmCon;2.5Unf;7;5;1902;2000;0,17;978;5;2009;WD ;Normal;97500
759;5160;Pave;IDOTRR;1Fam;1.5Fin;6;6;1927;1950;0,23;1204;8;2009;WD ;Normal;135000
760;5160;Pave;IDOTRR;1Fam;SFoyer;4;6;1923;1950;0,17;892;7;2009;COD;Abnorml;70000
761;10320;Pave;IDOTRR;2fmCon;2Story;6;7;1915;1965;0,07;754;2;2009;WD ;Normal;116000
762;4280;Pave;Sawyer;1Fam;1Story;4;9;1946;2001;0,16;704;9;2009;WD ;Normal;88750
763;10800;Pave;Edwards;Duplex;1Story;5;5;1987;1988;0,11;1200;3;2009;WD ;Alloca;179000
764;10800;Pave;Edwards;Duplex;1Story;5;5;1987;1988;0,11;1200;3;2009;WD ;Alloca;179000
765;10547;Pave;Edwards;Duplex;SFoyer;5;5;1978;1978;0,11;1152;7;2009;WD ;Normal;159900
766;10020;Pave;Edwards;1Fam;1Story;1;1;1922;1950;0,09;904;3;2009;WD ;Normal;61000
767;6629;Pave;Edwards;1Fam;2Story;6;6;1925;1950;0,11;697;7;2009;WD ;Normal;103600
768;9780;Pave;Edwards;1Fam;1.5Fin;5;3;1934;1950;0,07;687;3;2009;WD ;Normal;63000
769;12886;Pave;Sawyer;1Fam;SLvl;5;6;1963;1999;0,11;1464;10;2009;WD ;Normal;175000
770;8816;Pave;Sawyer;1Fam;1Story;5;6;1963;1963;0,13;1121;6;2009;WD ;Normal;139000
771;11184;Pave;Sawyer;1Fam;2Story;6;5;1978;1978;0,08;918;7;2009;WD ;Normal;172500
772;11625;Pave;Sawyer;1Fam;1Story;5;6;1967;1967;0,09;1052;4;2009;WD ;Abnorml;113500
773;7800;Pave;Sawyer;1Fam;1Story;5;7;1967;2004;0,12;899;6;2009;WD ;Normal;130000
774;8014;Pave;Sawyer;1Fam;SFoyer;6;5;1978;1978;0,13;1034;6;2009;WD ;Normal;149900
775;7252;Pave;Sawyer;1Fam;SFoyer;5;5;1982;1982;0,12;858;4;2009;WD ;Normal;134900
776;8740;Pave;Sawyer;1Fam;SFoyer;5;6;1982;1982;0,1;860;7;2009;WD ;Normal;137000
777;11616;Pave;Sawyer;1Fam;1Story;5;5;1962;1962;0,09;1092;9;2009;WD ;Normal;139000
778;15400;Pave;Sawyer;1Fam;SLvl;5;5;1961;1961;0,06;904;7;2009;WD ;Normal;165000
779;15312;Pave;Sawyer;1Fam;SLvl;6;5;1960;1960;0,07;1138;3;2009;COD;Normal;148000
780;15584;Pave;ClearCr;1Fam;SLvl;5;5;1956;1956;0,13;2071;10;2009;WD ;Normal;165000
781;9000;Pave;Sawyer;1Fam;1Story;2;2;1947;1950;0,07;660;6;2009;WD ;Normal;63900
782;11250;Pave;ClearCr;1Fam;1.5Fin;4;5;1957;1989;0,1;1104;11;2009;WD ;Normal;161500
783;25095;Pave;ClearCr;1Fam;1Story;5;8;1968;2003;0,06;1473;6;2009;WD ;Partial;143000
784;17140;Pave;Edwards;1Fam;1Story;4;6;1956;1956;0,07;1229;4;2009;WD ;Normal;135000
785;12342;Pave;Edwards;1Fam;1Story;4;5;1940;1950;0,07;861;3;2009;WD ;Normal;82500
786;10708;Pave;ClearCr;1Fam;1Story;5;5;1955;1993;0,17;1867;11;2009;COD;Normal;190000
787;13680;Pave;Edwards;1Fam;1Story;3;5;1955;1955;0,13;1733;6;2009;WD ;Normal;139600
788;15635;Pave;Edwards;1Fam;1Story;4;5;1954;1954;0,09;1383;10;2009;WD ;Normal;122000
789;9855;Pave;Edwards;1Fam;1Story;6;5;1956;1956;0,17;1689;11;2009;COD;Normal;127500
790;9571;Pave;Edwards;1Fam;1Story;5;5;1956;1956;0,11;1073;2;2009;WD ;Normal;121500
791;9571;Pave;Edwards;1Fam;1Story;5;3;1958;1958;0,13;1276;6;2009;COD;Abnorml;60000
792;9350;Pave;Edwards;1Fam;2Story;6;7;1946;1950;0,1;892;7;2009;WD ;Normal;154400
793;9340;Pave;Edwards;1Fam;1Story;4;6;1941;1950;0,07;672;8;2009;WD ;Normal;113000
794;7440;Pave;Edwards;1Fam;1Story;5;6;1954;1954;0,15;1089;9;2009;WD ;Normal;125000
795;11500;Pave;Edwards;1Fam;1Story;4;3;1957;1957;0,07;845;1;2009;WD ;Normal;84000
796;4235;Pave;Edwards;TwnhsE;1Story;5;5;1984;1984;0,25;1049;2;2009;WD ;Normal;139500
797;11409;Pave;Edwards;1Fam;1.5Fin;5;4;1949;2008;0,1;1148;1;2009;WD ;Normal;131000
798;9060;Pave;Edwards;1Fam;1.5Fin;6;5;1939;1950;0,08;698;10;2009;WD ;Normal;105000
799;9084;Pave;Edwards;1Fam;2Story;4;5;1940;1950;0,08;755;10;2009;WD ;Normal;108000
800;10778;Pave;SawyerW;1Fam;SLvl;7;6;1990;1991;0,1;1061;7;2009;WD ;Normal;162000
801;19255;Pave;SawyerW;1Fam;SLvl;6;5;1983;1983;0,07;1338;9;2009;WD ;Normal;156500
802;12327;Pave;SawyerW;1Fam;1.5Fin;8;8;1983;2009;0,12;1496;9;2009;WD ;Normal;316600
803;14684;Pave;SawyerW;1Fam;1Story;7;7;1990;1991;0,15;2196;6;2009;WD ;Normal;271900
804;9317;Pave;SawyerW;1Fam;2Story;7;5;1993;1993;0,11;1006;7;2009;WD ;Normal;213000
805;10560;Pave;SawyerW;1Fam;2Story;7;5;1993;1994;0,1;1079;8;2009;WD ;Normal;239900
806;9828;Pave;SawyerW;1Fam;2Story;8;5;1995;1995;0,12;1142;6;2009;WD ;Normal;239500
807;26400;Pave;SawyerW;1Fam;2Story;5;7;1880;2007;0,05;1288;6;2009;WD ;Normal;131000
808;7018;Pave;SawyerW;Duplex;1Story;5;5;1979;1979;0,22;1535;6;2009;WD ;Alloca;118964
809;7018;Pave;SawyerW;Duplex;SFoyer;5;5;1979;1979;0,17;1224;6;2009;WD ;Alloca;153337
810;7018;Pave;SawyerW;Duplex;2Story;5;5;1979;1979;0,16;1114;6;2009;WD ;Alloca;147983
811;7018;Pave;SawyerW;Duplex;1Story;5;5;1979;1979;0,22;1535;6;2009;WD ;Alloca;118858
812;7018;Pave;SawyerW;Duplex;1Story;5;5;1979;1979;0,22;1535;6;2009;WD ;Alloca;118858
813;7018;Pave;SawyerW;Duplex;2Story;5;5;1979;1979;0,16;1120;6;2009;WD ;Alloca;142953
814;7040;Pave;SawyerW;Duplex;SFoyer;5;5;1979;1979;0,17;1229;6;2009;WD ;Alloca;148325
815;7007;Pave;SawyerW;Duplex;1Story;5;5;1979;1979;0,22;1513;6;2009;WD ;Alloca;113722
816;11855;Pave;SawyerW;Duplex;2Story;7;5;2000;2000;0,1;1168;10;2009;WD ;Normal;269500
817;7939;Pave;SawyerW;Duplex;2Story;7;5;2000;2000;0,15;1168;10;2009;WD ;Normal;269500
818;7976;Pave;SawyerW;Duplex;2Story;7;5;2000;2000;0,15;1168;10;2009;WD ;Normal;269500
819;10933;Pave;CollgCr;1Fam;1Story;9;5;2009;2009;0,15;1680;7;2009;New;Partial;323262
820;10637;Pave;CollgCr;1Fam;1Story;8;5;2007;2008;0,16;1718;9;2009;WD ;Normal;297000
821;10226;Pave;CollgCr;1Fam;1Story;8;5;2008;2008;0,16;1630;1;2009;WD ;Normal;295493
822;10816;Pave;CollgCr;1Fam;1Story;9;5;2008;2008;0,16;1720;11;2009;WD ;Normal;332000
823;9178;Pave;CollgCr;1Fam;1Story;8;5;2008;2008;0,16;1468;6;2009;WD ;Normal;239900
824;10769;Pave;CollgCr;1Fam;2Story;8;5;2007;2007;0,08;866;4;2009;WD ;Normal;212000
825;11422;Pave;CollgCr;1Fam;1Story;8;5;2007;2008;0,16;1838;4;2009;WD ;Normal;272500
826;11923;Pave;CollgCr;1Fam;1Story;9;5;2007;2007;0,15;1800;5;2009;WD ;Normal;239000
827;8814;Pave;CollgCr;1Fam;1Story;7;5;2006;2006;0,18;1604;3;2009;WD ;Abnorml;220000
828;6762;Pave;CollgCr;1Fam;1Story;7;5;2007;2007;0,19;1290;5;2009;WD ;Normal;200000
829;10324;Pave;CollgCr;1Fam;1Story;8;5;2008;2008;0,12;1254;3;2009;WD ;Normal;221800
830;7314;Pave;CollgCr;1Fam;1Story;7;5;2007;2007;0,17;1232;2;2009;WD ;Normal;194500
831;11645;Pave;CollgCr;1Fam;1Story;8;5;2005;2006;0,13;1498;3;2009;WD ;Normal;237000
832;11646;Pave;CollgCr;1Fam;2Story;6;5;2005;2006;0,06;704;7;2009;WD ;Normal;173000
833;12800;Pave;SawyerW;1Fam;SLvl;7;5;1989;1989;0,13;1644;8;2009;WD ;Normal;275000
834;16698;Pave;ClearCr;1Fam;2Story;7;5;1992;1993;0,06;944;6;2009;WD ;Normal;233500
835;28698;Pave;ClearCr;1Fam;2Story;5;5;1967;1967;0,04;1160;6;2009;WD ;Abnorml;185000
836;12464;Pave;CollgCr;1Fam;1Story;5;5;1996;1996;0,08;1040;11;2009;WD ;Normal;152000
837;9757;Pave;CollgCr;1Fam;1Story;5;7;1994;1994;0,1;990;10;2009;WD ;Normal;143000
838;15426;Pave;CollgCr;1Fam;2Story;6;5;1997;1997;0,06;928;8;2009;WD ;Normal;231500
839;10667;Pave;CollgCr;1Fam;2Story;7;6;1996;1996;0,08;827;4;2009;ConLw;Normal;212000
840;14753;Pave;CollgCr;1Fam;1Story;7;5;1998;1998;0,1;1463;12;2009;WD ;Normal;207000
841;10859;Pave;CollgCr;1Fam;1Story;5;5;1994;1995;0,1;1097;6;2009;WD ;Normal;145000
842;8072;Pave;CollgCr;1Fam;1Story;5;5;1994;1995;0,12;990;5;2009;WD ;Normal;138000
843;10400;Pave;CollgCr;1Fam;2Story;7;5;1998;1998;0,08;866;3;2009;WD ;Normal;197900
844;10335;Pave;CollgCr;1Fam;1Story;7;5;1999;1999;0,15;1501;6;2009;WD ;Normal;204000
845;9017;Pave;CollgCr;1Fam;1Story;7;5;1999;1999;0,16;1431;9;2009;WD ;Normal;192000
846;8750;Pave;CollgCr;1Fam;2Story;6;5;1998;1998;0,11;928;4;2009;WD ;Normal;200000
847;8935;Pave;CollgCr;1Fam;2Story;7;5;2002;2002;0,09;831;7;2009;WD ;Normal;195000
848;9808;Pave;CollgCr;1Fam;1Story;7;5;2002;2002;0,16;1573;3;2009;WD ;Normal;227000
849;12420;Pave;CollgCr;1Fam;2Story;7;5;2001;2001;0,08;944;6;2009;WD ;Normal;230000
850;16285;Pave;CollgCr;1Fam;1Story;7;5;2001;2002;0,09;1430;6;2009;WD ;Normal;187100
851;10739;Pave;CollgCr;1Fam;1Story;7;5;2002;2001;0,13;1444;4;2009;WD ;Normal;203000
852;11166;Pave;CollgCr;1Fam;1Story;7;5;2001;2001;0,13;1492;7;2009;WD ;Family;201000
853;8430;Pave;CollgCr;1Fam;1Story;5;5;1978;1978;0,12;1040;8;2009;WD ;Normal;124000
854;16269;Pave;CollgCr;1Fam;1Story;5;5;1978;1978;0,06;907;7;2009;WD ;Normal;140000
855;6950;Pave;CollgCr;1Fam;1Story;5;7;1979;1979;0,13;914;10;2009;WD ;Normal;134900
856;8800;Pave;CollgCr;1Fam;1Story;5;7;1977;2008;0,12;1040;9;2009;WD ;Normal;150500
857;7000;Pave;CollgCr;1Fam;1Story;5;8;1978;2005;0,12;864;7;2009;WD ;Normal;136500
858;9286;Pave;CollgCr;1Fam;1Story;5;7;1977;1989;0,14;1268;10;2009;WD ;Normal;143500
859;15523;Pave;CollgCr;1Fam;1Story;5;6;1972;1972;0,06;864;8;2009;WD ;Normal;133500
860;7200;Pave;CollgCr;1Fam;1Story;5;5;1972;1972;0,12;894;9;2009;WD ;Normal;123000
861;7200;Pave;CollgCr;1Fam;SFoyer;5;8;1972;2003;0,11;768;4;2009;WD ;Normal;133900
862;8445;Pave;CollgCr;1Fam;SFoyer;5;7;1972;2007;0,09;768;3;2009;WD ;Normal;133000
863;11664;Pave;CollgCr;1Fam;1Story;7;5;2002;2002;0,14;1611;9;2009;WD ;Normal;250000
864;12334;Pave;CollgCr;1Fam;2Story;8;5;2003;2003;0,09;1068;6;2009;WD ;Normal;254750
865;11838;Pave;CollgCr;1Fam;1Story;8;5;2001;2001;0,15;1788;6;2009;WD ;Normal;236500
866;11885;Pave;CollgCr;1Fam;2Story;8;5;2001;2001;0,11;1299;11;2009;WD ;Normal;261500
867;11050;Pave;CollgCr;1Fam;2Story;9;5;2000;2000;0,13;1476;5;2009;WD ;Normal;313000
868;8749;Pave;CollgCr;1Fam;2Story;7;5;2002;2002;0,1;840;11;2009;WD ;Normal;198500
869;11250;Pave;CollgCr;1Fam;2Story;7;5;2001;2001;0,08;944;5;2009;WD ;Normal;211000
870;15750;Pave;CollgCr;1Fam;1Story;8;5;1999;2000;0,1;1513;6;2009;WD ;Normal;220000
871;11883;Pave;CollgCr;1Fam;1Story;7;5;1996;1996;0,13;1504;6;2009;WD ;Normal;203000
872;12782;Pave;CollgCr;1Fam;1Story;8;5;2002;2003;0,14;1828;6;2009;WD ;Normal;279500
873;8750;Pave;CollgCr;1Fam;1Story;7;5;1997;1998;0,16;1417;8;2009;WD ;Normal;210000
874;9375;Pave;CollgCr;1Fam;2Story;7;5;1997;1998;0,11;1057;2;2009;WD ;Normal;219500
875;8750;Pave;CollgCr;1Fam;2Story;7;5;1996;1996;0,1;909;7;2009;WD ;Normal;191000
876;9100;Pave;CollgCr;1Fam;1Story;7;5;2001;2001;0,13;1212;6;2009;WD ;Normal;178000
877;9750;Pave;CollgCr;1Fam;1Story;7;5;2000;2001;0,17;1630;10;2009;WD ;Normal;213000
878;4435;Pave;CollgCr;TwnhsE;1Story;6;5;2003;2004;0,19;848;6;2009;WD ;Normal;144000
879;4435;Pave;CollgCr;TwnhsE;1Story;6;5;2003;2003;0,19;848;5;2009;WD ;Normal;140000
880;10200;Pave;CollgCr;1Fam;1Story;8;5;2007;2007;0,16;1602;1;2009;WD ;Normal;293200
881;9313;Pave;CollgCr;1Fam;2Story;7;5;2004;2004;0,09;864;4;2009;WD ;Normal;190000
882;8487;Pave;CollgCr;1Fam;1Story;7;5;2004;2004;0,18;1500;8;2009;WD ;Normal;190000
883;8633;Pave;CollgCr;1Fam;2Story;6;5;2005;2005;0,09;738;2;2009;WD ;Normal;173500
884;11069;Pave;CollgCr;1Fam;2Story;6;5;2007;2007;0,05;608;7;2009;WD ;Normal;170000
885;8777;Pave;Edwards;1Fam;1Story;4;5;1949;2003;0,13;1126;5;2009;WD ;Normal;108000
886;9937;Pave;Edwards;1Fam;1Story;5;7;1964;1999;0,15;1486;3;2009;WD ;Normal;167000
887;8877;Pave;Edwards;1Fam;1Story;4;6;1938;1958;0,09;816;5;2009;WD ;Normal;100000
888;7301;Pave;Edwards;1Fam;SFoyer;7;5;2003;2003;0,07;495;7;2009;ConLD;Normal;198500
889;7950;Pave;Edwards;1Fam;2Story;6;6;1977;1977;0,09;698;7;2009;WD ;Normal;159500
890;10682;Pave;Edwards;1Fam;1Story;4;6;1960;1971;0,11;1149;7;2009;WD ;Normal;127000
891;7200;Pave;Edwards;1Fam;SLvl;6;6;1976;1976;0,16;1125;10;2009;WD ;Abnorml;125000
892;13286;Pave;Edwards;1Fam;1Story;9;5;2007;2008;0,13;1698;2;2009;WD ;Normal;320000
893;3675;Pave;Edwards;TwnhsE;SFoyer;6;5;2005;2006;0,29;1072;4;2009;WD ;Normal;145500
894;9405;Pave;Edwards;1Fam;1Story;5;9;1947;2008;0,07;698;6;2009;WD ;Normal;118000
895;6410;Pave;Edwards;1Fam;1Story;4;5;1959;1959;0,14;876;3;2009;WD ;Normal;85000
896;11767;Pave;Edwards;1Fam;1Story;5;5;1950;1950;0,12;1368;6;2009;WD ;Normal;120000
897;8405;Pave;Edwards;1Fam;1.5Fin;4;3;1945;1950;0,13;1088;4;2009;WD ;Normal;98000
898;4060;Pave;Edwards;1Fam;1Story;5;8;1922;1950;0,21;864;7;2009;WD ;Normal;99900
899;10206;Pave;Edwards;1Fam;1Story;3;3;1952;1952;0,09;944;7;2009;WD ;Normal;82000
900;10926;Pave;Edwards;Duplex;1Story;5;5;1959;1959;0,15;1678;8;2009;WD ;Normal;119900
901;11767;Pave;Edwards;1Fam;1Story;5;5;1956;1956;0,13;1560;5;2009;WD ;Normal;103500
902;8926;Pave;Edwards;1Fam;1Story;4;3;1956;1956;0,11;960;10;2009;COD;Abnorml;112000
903;12354;Pave;Edwards;1Fam;1.5Fin;6;8;1920;2000;0,06;684;8;2009;ConLI;Normal;110000
904;8212;Pave;Edwards;1Fam;1.5Fin;5;6;1941;1950;0,1;854;9;2009;WD ;Normal;122000
905;10998;Pave;Edwards;1Fam;1.5Fin;5;5;1941;1960;0,09;984;7;2009;WD ;Normal;117000
906;6300;Pave;SWISU;1Fam;1.5Fin;5;4;1938;1950;0,13;832;7;2009;WD ;Abnorml;160000
907;4500;Pave;SWISU;1Fam;1.5Fin;5;5;1932;2000;0,19;848;7;2009;WD ;Abnorml;159434
908;8400;Pave;SWISU;1Fam;1Story;2;5;1920;1950;0,05;438;1;2009;WD ;Normal;60000
909;9900;Pave;SWISU;1Fam;1.5Fin;6;7;1940;1950;0,1;944;7;2009;WD ;Normal;139500
910;15863;Pave;SWISU;1Fam;2.5Fin;7;3;1920;1970;0,11;1687;8;2009;WD ;Normal;197000
911;5707;Pave;SWISU;1Fam;2Story;6;6;1935;1950;0,11;647;3;2009;WD ;Normal;105000
912;7804;Pave;SWISU;1Fam;1.5Fin;4;3;1928;1950;0,17;1328;12;2009;WD ;Normal;135000
913;8574;Pave;Crawfor;1Fam;1Story;6;8;1916;2000;0,14;1232;10;2009;WD ;Normal;147500
914;6171;Pave;SWISU;1Fam;1.5Fin;6;6;1925;1990;0,19;1160;10;2009;WD ;Normal;137450
915;7200;Pave;SWISU;1Fam;2Story;7;9;1936;2007;0,08;575;4;2009;WD ;Normal;155000
916;7558;Pave;Crawfor;1Fam;1.5Fin;6;6;1928;1950;0,16;1172;3;2009;WD ;Normal;177000
917;6292;Pave;SWISU;1Fam;1.5Fin;7;7;1928;1950;0,14;877;8;2009;WD ;Normal;145000
918;7155;Pave;Crawfor;1Fam;2Story;7;8;1918;1990;0,09;628;5;2009;WD ;Normal;137000
919;10918;Pave;Crawfor;1Fam;2Story;7;9;1926;2004;0,12;1276;6;2009;WD ;Normal;234000
920;13680;Pave;Crawfor;1Fam;1.5Fin;5;6;1940;1950;0,06;840;2;2009;WD ;Normal;205000
921;7500;Pave;Crawfor;1Fam;2Story;6;7;1942;1950;0,1;753;11;2009;WD ;Normal;177500
922;9600;Pave;Crawfor;1Fam;1.5Fin;5;7;1940;1950;0,1;976;6;2009;WD ;Normal;160000
923;14680;Pave;Crawfor;1Fam;1Story;5;4;1960;1960;0,09;1273;6;2009;WD ;Normal;155000
924;13360;Pave;Crawfor;1Fam;1Story;5;7;1921;2006;0,07;964;8;2009;WD ;Normal;163500
925;7681;Pave;Crawfor;1Fam;1.5Fin;5;6;1921;1950;0,11;820;7;2009;WD ;Normal;154900
926;8145;Pave;Crawfor;Duplex;2.5Unf;7;6;1940;1950;0,15;1240;7;2009;WD ;Normal;205000
927;9100;Pave;Crawfor;1Fam;1Story;5;6;1954;1954;0,12;1112;10;2009;WD ;Family;144800
928;12000;Pave;Crawfor;1Fam;2Story;7;7;1941;1950;0,07;860;7;2009;WD ;Normal;174500
929;13339;Pave;Crawfor;1Fam;1Story;6;6;1960;1960;0,12;1561;5;2009;WD ;Normal;193000
930;15600;Pave;Crawfor;1Fam;1.5Fin;5;7;1949;2005;0,06;986;10;2009;WD ;Normal;158000
931;14000;Pave;Crawfor;1Fam;1Story;6;8;1950;2004;0,08;1152;8;2009;WD ;Family;158500
932;17500;Pave;Crawfor;1Fam;1Story;6;5;1954;1954;0,11;1906;1;2009;WD ;Normal;224000
933;1733;Pave;Blueste;Twnhs;2Story;6;6;1980;1980;0,3;516;5;2009;WD ;Normal;115000
934;1488;Pave;Blueste;TwnhsE;2Story;6;6;1980;1992;0,38;561;10;2009;WD ;Normal;137000
935;1612;Pave;Blueste;Twnhs;2Story;6;6;1980;1980;0,35;561;7;2009;WD ;Normal;121000
936;1300;Pave;Blueste;TwnhsE;2Story;6;6;1980;1980;0,43;561;5;2009;WD ;Normal;124000
937;13607;Pave;Crawfor;1Fam;SLvl;6;6;1986;1986;0,09;1182;4;2009;WD ;Normal;208000
938;17597;Pave;Crawfor;1Fam;1Story;7;9;1971;2009;0,13;2365;7;2009;WD ;Normal;315000
939;21695;Pave;Crawfor;1Fam;1Story;6;9;1988;2007;0,08;1680;12;2009;WD ;Normal;222000
940;10690;Pave;IDOTRR;1Fam;2Story;5;7;1920;1997;0,06;672;7;2009;WD ;Normal;147000
941;8660;Pave;IDOTRR;1Fam;2Story;5;6;1900;1993;0,11;928;12;2009;WD ;Normal;123000
942;6402;Pave;IDOTRR;1Fam;2Story;5;5;1920;1950;0,09;596;7;2009;WD ;Normal;78000
943;8470;Pave;IDOTRR;1Fam;1.5Fin;3;2;1915;1982;0,12;1013;10;2009;ConLD;Abnorml;85000
944;10200;Pave;IDOTRR;1Fam;1Story;4;6;1925;1950;0,06;572;5;2009;WD ;Normal;75000
945;3843;Pave;Crawfor;TwnhsE;1Story;8;5;2007;2008;0,43;1648;6;2009;New;Partial;230000
946;21780;Grvl;IDOTRR;1Fam;1Story;2;4;1910;1950;0,04;810;3;2009;ConLD;Normal;57625
947;10125;Pave;Mitchel;1Fam;2Story;8;5;2000;2001;0,1;1040;5;2009;WD ;Normal;251000
948;12822;Pave;Mitchel;1Fam;1.5Fin;7;5;2003;2003;0,12;1518;8;2009;WD ;Abnorml;239686
949;12118;Pave;Mitchel;1Fam;1Story;7;5;2004;2005;0,14;1710;4;2009;WD ;Normal;240000
950;12209;Pave;Mitchel;1Fam;2Story;6;5;2001;2002;0,07;804;6;2009;WD ;Normal;215000
951;9750;Pave;Mitchel;1Fam;SFoyer;6;6;1977;1977;0,09;926;4;2009;WD ;Normal;156450
952;9360;Pave;Mitchel;1Fam;SFoyer;6;7;1977;1977;0,14;1287;11;2009;WD ;Normal;173000
953;10125;Pave;Mitchel;Duplex;1.5Fin;5;5;1977;1977;0,13;1302;8;2009;COD;Normal;126000
954;9947;Pave;Mitchel;1Fam;SLvl;7;5;1990;1991;0,12;1217;6;2009;WD ;Normal;173000
955;11070;Pave;Mitchel;1Fam;1Story;5;5;1991;1991;0,14;1595;4;2009;COD;Abnorml;152000
956;14375;Pave;Timber;1Fam;SLvl;6;6;1958;1958;0,09;1344;1;2009;COD;Abnorml;137500
957;215245;Pave;Timber;1Fam;1Story;7;5;1965;1965;0,01;2036;6;2009;WD ;Normal;375000
958;12898;Pave;Timber;1Fam;1Story;9;5;2007;2008;0,13;1620;9;2009;WD ;Normal;315500
959;13159;Pave;Timber;1Fam;2Story;7;5;2009;2009;0,06;846;7;2009;New;Partial;224500
960;13438;Pave;Timber;1Fam;1Story;9;5;2008;2008;0,15;2036;7;2009;WD ;Normal;410000
961;14463;Pave;Timber;1Fam;1Story;9;5;2008;2008;0,11;1641;1;2009;WD ;Normal;316500
962;8925;Pave;Timber;1Fam;1Story;8;5;2007;2007;0,16;1466;7;2009;WD ;Normal;201000
963;11457;Pave;Timber;1Fam;1Story;6;5;1988;1988;0,12;1412;3;2009;WD ;Normal;175000
964;9839;Pave;Timber;1Fam;2Story;6;8;1980;2006;0,14;1375;2;2009;WD ;Normal;204000
965;14419;Pave;Timber;1Fam;SLvl;7;5;1987;1989;0,1;1479;7;2009;WD ;Normal;213500
966;6853;Pave;Timber;1Fam;1Story;8;5;2001;2002;0,19;1296;6;2009;WD ;Normal;220000
967;9157;Pave;Timber;1Fam;2Story;7;5;2003;2003;0,12;1072;2;2009;WD ;Abnorml;170000
968;14601;Pave;Timber;1Fam;1Story;9;5;2006;2006;0,13;1838;3;2009;WD ;Normal;315000
969;12633;Pave;Timber;1Fam;1Story;9;5;2007;2007;0,16;1978;5;2009;WD ;Normal;425000
970;12518;Pave;Mitchel;1Fam;1Story;5;7;1968;1968;0,08;1008;4;2009;WD ;Normal;139500
971;21750;Pave;Mitchel;1Fam;1Story;5;4;1960;2006;0,08;1771;11;2009;WD ;Normal;115000
972;4500;Pave;Mitchel;TwnhsE;1Story;6;5;1998;1998;0,27;1204;6;2009;WD ;Normal;162000
973;4500;Pave;Mitchel;TwnhsE;1Story;6;5;1999;1999;0,27;1224;6;2009;WD ;Normal;165000
974;1596;Pave;MeadowV;Twnhs;SLvl;4;5;1973;1973;0,33;526;11;2009;WD ;Normal;91000
975;9858;Pave;Mitchel;1Fam;1Story;5;6;1968;1968;0,09;874;11;2009;WD ;Normal;130000
976;1526;Pave;MeadowV;Twnhs;SFoyer;4;8;1970;2002;0,41;630;5;2009;WD ;Normal;86000
977;13383;Pave;Mitchel;1Fam;1Story;5;5;1969;2000;0,1;1404;3;2009;WD ;Normal;160000
978;1477;Pave;MeadowV;TwnhsE;SFoyer;4;4;1970;1970;0,43;630;4;2009;WD ;Normal;80000
979;1533;Pave;MeadowV;Twnhs;2Story;4;6;1970;2008;0,52;798;5;2009;WD ;Normal;97000
980;2217;Pave;MeadowV;TwnhsE;2Story;4;4;1970;1970;0,25;546;8;2009;WD ;Normal;88000
981;7689;Pave;Mitchel;1Fam;SFoyer;5;8;1972;1972;0,1;796;7;2009;WD ;Normal;131900
982;7706;Pave;Mitchel;1Fam;SLvl;6;5;1993;1996;0,14;1091;8;2009;WD ;Normal;131250
983;9101;Pave;Mitchel;1Fam;SFoyer;5;6;1978;1978;0,12;1110;7;2009;WD ;Normal;165500
984;8780;Pave;Mitchel;1Fam;1Story;5;5;1985;1985;0,09;833;3;2009;WD ;Normal;112000
985;7669;Pave;Mitchel;1Fam;SFoyer;5;6;1992;1993;0,12;883;6;2009;WD ;Normal;149000
986;14115;Pave;Mitchel;1Fam;1.5Fin;5;5;1993;1995;0,06;796;10;2009;WD ;Normal;143000
987;10429;Pave;Mitchel;1Fam;2Story;5;5;1992;1992;0,06;624;7;2009;WD ;Normal;130000
988;9819;Pave;Mitchel;1Fam;1Story;6;5;1977;1977;0,16;1567;5;2009;WD ;Normal;196000
989;10457;Pave;Mitchel;1Fam;2Story;5;7;1969;1969;0,07;784;4;2009;WD ;Normal;173000
990;11029;Pave;NAmes;1Fam;1Story;6;8;1958;2002;0,13;1414;5;2008;WD ;Normal;176500
991;12925;Pave;NAmes;1Fam;1Story;6;7;1970;1970;0,16;2117;5;2008;WD ;Normal;237500
992;11075;Pave;NAmes;1Fam;2Story;6;5;1969;1969;0,1;1092;6;2008;WD ;Normal;206900
993;8702;Pave;Gilbert;1Fam;2Story;6;5;1997;1998;0,11;926;4;2008;WD ;Normal;187500
994;8139;Pave;Gilbert;1Fam;2Story;6;5;1995;1996;0,08;680;10;2008;WD ;Normal;165000
995;9535;Pave;Gilbert;1Fam;2Story;6;5;1998;1998;0,1;926;5;2008;WD ;Normal;195500
996;9042;Pave;Gilbert;1Fam;2Story;6;5;1998;1998;0,1;943;7;2008;WD ;Normal;192000
997;15038;Pave;Gilbert;1Fam;2Story;6;5;1996;1996;0,06;916;11;2008;WD ;Normal;173000
998;14137;Pave;Gilbert;1Fam;1Story;5;5;1996;1997;0,1;1384;11;2008;WD ;Normal;177900
999;21872;Pave;Gilbert;1Fam;2Story;7;5;1996;1997;0,03;729;8;2008;WD ;Normal;175000
1000;4923;Pave;StoneBr;TwnhsE;1Story;8;5;2001;2002;0,32;1593;8;2008;WD ;Normal;286000
1001;6264;Pave;StoneBr;1Fam;1Story;8;5;1997;1997;0,27;1682;7;2008;WD ;Normal;247900
1002;5395;Pave;StoneBr;TwnhsE;1Story;8;5;1993;1993;0,25;1337;10;2008;WD ;Normal;180000
1003;5070;Pave;StoneBr;TwnhsE;1Story;8;5;1992;1992;0,25;1280;8;2008;WD ;Normal;180000
1004;10839;Pave;Gilbert;1Fam;2Story;6;5;1997;1998;0,09;926;7;2008;WD ;Normal;181000
1005;11184;Pave;Gilbert;1Fam;2Story;6;5;1998;1998;0,08;932;4;2008;WD ;Family;183000
1006;8000;Pave;Gilbert;1Fam;2Story;6;5;1995;1996;0,1;773;6;2008;WD ;Normal;188000
1007;10832;Pave;Gilbert;1Fam;2Story;7;5;1994;1996;0,1;1086;10;2008;WD ;Normal;194500
1008;14067;Pave;Gilbert;1Fam;2Story;6;5;1991;1991;0,06;851;9;2008;WD ;Normal;185000
1009;4671;Pave;StoneBr;TwnhsE;1Story;8;5;1988;1989;0,26;1228;10;2008;WD ;Normal;189000
1010;5950;Pave;StoneBr;TwnhsE;1Story;8;5;1989;1989;0,22;1337;4;2008;WD ;Normal;188500
1011;13543;Pave;StoneBr;1Fam;2Story;8;5;2005;2005;0,09;1168;7;2008;WD ;Normal;355000
1012;11198;Pave;StoneBr;1Fam;2Story;9;5;2005;2007;0,1;1134;6;2008;WD ;Normal;325000
1013;15401;Pave;StoneBr;1Fam;1Story;9;5;2004;2004;0,12;1884;9;2008;WD ;Normal;387000
1014;31220;Pave;Gilbert;1Fam;1Story;6;2;1952;1952;0,05;1474;5;2008;WD ;Normal;115000
1015;8118;Pave;StoneBr;TwnhsE;1Story;9;5;2007;2007;0,21;1710;7;2008;WD ;Normal;334000
1016;47280;Pave;Gilbert;1Fam;1Story;6;5;1950;1950;0,03;1488;7;2008;WD ;Family;133000
1017;20544;Pave;NWAmes;1Fam;2Story;7;6;1986;1991;0,06;1236;11;2008;WD ;Normal;215000
1018;12680;Pave;NWAmes;1Fam;1Story;7;6;1988;1988;0,13;1688;6;2008;WD ;Normal;226500
1019;12090;Pave;NWAmes;1Fam;1Story;6;6;1981;1981;0,12;1422;6;2008;WD ;Normal;175500
1020;10825;Pave;NWAmes;1Fam;1Story;7;7;1983;1983;0,12;1260;7;2008;WD ;Normal;181900
1021;18559;Pave;NWAmes;1Fam;1Story;7;5;1978;1978;0,11;2064;8;2008;WD ;Normal;235000
1022;14450;Pave;NWAmes;1Fam;1Story;7;5;1979;1979;0,12;1782;3;2008;WD ;Normal;220000
1023;12227;Pave;NWAmes;1Fam;2Story;6;7;1977;1995;0,13;1542;7;2008;WD ;Normal;272000
1024;13068;Pave;NWAmes;1Fam;1Story;6;5;1976;1976;0,09;1211;11;2008;WD ;Normal;161000
1025;15611;Pave;NWAmes;1Fam;1Story;5;6;1977;1977;0,07;1126;3;2008;WD ;Abnorml;175000
1026;10400;Pave;NWAmes;1Fam;2Story;7;6;1980;1988;0,12;1277;3;2008;WD ;Normal;185000
1027;9743;Pave;NWAmes;1Fam;2Story;5;6;1969;1969;0,07;720;6;2008;WD ;Normal;146900
1028;12511;Pave;NWAmes;1Fam;2Story;7;7;1978;1978;0,11;1420;12;2008;WD ;Normal;292500
1029;11361;Pave;NWAmes;1Fam;1Story;6;5;1976;1976;0,13;1523;5;2008;COD;Abnorml;180000
1030;10400;Pave;NWAmes;1Fam;1Story;6;5;1976;1976;0,14;1444;4;2008;WD ;Normal;159900
1031;10480;Pave;NWAmes;1Fam;2Story;7;6;1976;1976;0,1;1098;9;2008;WD ;Normal;205000
1032;10000;Pave;NWAmes;1Fam;1Story;5;6;1973;2000;0,12;1178;11;2008;WD ;Normal;157000
1033;14311;Pave;NWAmes;1Fam;2Story;8;5;1996;1996;0,09;1236;6;2008;WD ;Normal;306000
1034;9000;Pave;NAmes;Duplex;2Story;5;5;1974;1974;0,1;896;6;2008;WD ;Normal;133000
1035;9750;Pave;NAmes;1Fam;1Story;6;8;1969;1969;0,11;1054;7;2008;WD ;Normal;151000
1036;10295;Pave;NAmes;1Fam;1Story;4;6;1969;1969;0,09;936;9;2008;COD;Normal;111900
1037;7560;Pave;NAmes;1Fam;1Story;5;5;1971;1971;0,11;864;5;2008;WD ;Normal;123000
1038;12735;Pave;NAmes;1Fam;1Story;4;5;1972;1972;0,07;864;4;2008;COD;Normal;111250
1039;4060;Pave;NAmes;TwnhsE;1Story;6;5;1998;1999;0,33;1337;8;2008;COD;Abnorml;181000
1040;1680;Pave;BrDale;Twnhs;2Story;6;5;1973;1973;0,29;483;2;2008;WD ;Normal;103400
1041;1680;Pave;BrDale;Twnhs;2Story;6;5;1973;1973;0,29;483;11;2008;WD ;Normal;100000
1042;1890;Pave;BrDale;Twnhs;2Story;6;6;1972;1972;0,26;483;4;2008;WD ;Normal;100500
1043;1869;Pave;BrDale;Twnhs;2Story;6;6;1970;1970;0,26;483;9;2008;WD ;Normal;106000
1044;1680;Pave;BrDale;Twnhs;2Story;6;5;1971;1971;0,29;483;7;2008;COD;Abnorml;85400
1045;1680;Pave;BrDale;TwnhsE;2Story;6;3;1971;1971;0,29;483;8;2008;WD ;Normal;89500
1046;1680;Pave;BrDale;Twnhs;2Story;5;5;1972;1972;0,38;630;12;2008;WD ;Normal;111750
1047;4043;Pave;NPkVill;TwnhsE;1Story;6;6;1977;1977;0,26;1069;10;2008;COD;Abnorml;140000
1048;2308;Pave;NPkVill;TwnhsE;2Story;6;6;1975;1975;0,37;855;5;2008;WD ;Normal;143000
1049;2529;Pave;NPkVill;Twnhs;1Story;7;6;1977;1977;0,42;1055;9;2008;WD ;Normal;148500
1050;9477;Pave;NAmes;1Fam;1Story;5;5;1966;1966;0,09;892;10;2008;WD ;Normal;110000
1051;12444;Pave;NridgHt;1Fam;1Story;8;5;2008;2008;0,16;1932;11;2008;New;Partial;394617
1052;12474;Pave;NridgHt;1Fam;2Story;10;5;2007;2008;0,14;1742;8;2008;New;Partial;426000
1053;14803;Pave;NridgHt;1Fam;1Story;10;5;2007;2008;0,14;2084;6;2008;New;Partial;385000
1054;14948;Pave;NridgHt;1Fam;2Story;9;5;2008;2008;0,1;1476;11;2008;New;Partial;446261
1055;12704;Pave;NridgHt;1Fam;1Story;8;5;2007;2007;0,12;1582;1;2008;New;Partial;317500
1056;13891;Pave;NridgHt;1Fam;1Story;8;5;2007;2008;0,12;1710;1;2008;New;Partial;372402
1057;13693;Pave;NridgHt;1Fam;1Story;8;5;2007;2007;0,18;2464;8;2008;WD ;Normal;417500
1058;14418;Pave;NridgHt;1Fam;1Story;9;5;2007;2007;0,14;1950;5;2008;WD ;Normal;383000
1059;13418;Pave;NridgHt;1Fam;2Story;9;5;2006;2006;0,14;1850;10;2008;WD ;Abnorml;390000
1060;12539;Pave;NridgHt;1Fam;2Story;10;5;2005;2006;0,13;1632;6;2008;WD ;Normal;460000
1061;12151;Pave;NridgHt;1Fam;2Story;9;5;2005;2005;0,12;1414;8;2008;WD ;Normal;379000
1062;8899;Pave;NridgHt;1Fam;2Story;8;5;2007;2007;0,11;948;6;2008;WD ;Normal;250000
1063;10574;Pave;NridgHt;1Fam;2Story;8;5;2004;2004;0,11;1170;7;2008;WD ;Normal;316000
1064;12720;Pave;NridgHt;1Fam;1Story;10;5;2003;2003;0,19;2470;2;2008;WD ;Normal;615000
1065;13688;Pave;NridgHt;1Fam;2Story;9;5;2003;2004;0,11;1572;3;2008;WD ;Normal;412500
1066;10625;Pave;NridgHt;1Fam;2Story;7;5;2003;2004;0,09;1006;8;2008;WD ;Normal;284000
1067;10845;Pave;NridgHt;1Fam;1Story;8;5;2003;2004;0,15;1575;6;2008;WD ;Normal;284000
1068;16900;Pave;NridgHt;1Fam;2Story;8;5;2001;2002;0,09;1515;1;2008;WD ;Normal;421250
1069;16451;Pave;NridgHt;1Fam;2Story;8;5;2003;2003;0,11;1804;7;2008;WD ;Normal;370000
1070;10110;Pave;NridgHt;TwnhsE;1Story;9;5;2008;2008;0,18;1866;11;2008;New;Partial;336860
1071;8769;Pave;NridgHt;TwnhsE;1Story;9;5;2008;2008;0,19;1702;10;2008;New;Partial;367294
1072;12304;Pave;NridgHt;TwnhsE;1Story;7;5;2005;2005;0,11;1367;6;2008;WD ;Normal;192000
1073;12677;Pave;NridgHt;TwnhsE;1Story;8;5;2003;2004;0,12;1518;4;2008;WD ;Normal;274000
1074;8849;Pave;NridgHt;TwnhsE;1Story;9;5;2005;2005;0,19;1684;7;2008;WD ;Normal;266000
1075;8232;Pave;NridgHt;TwnhsE;1Story;9;5;2007;2008;0,22;1800;6;2008;New;Partial;370967
1076;6240;Pave;NridgHt;TwnhsE;1Story;8;5;2006;2007;0,22;1342;6;2008;WD ;Normal;234250
1077;6240;Pave;NridgHt;TwnhsE;1Story;8;5;2006;2007;0,22;1342;2;2008;WD ;Normal;219500
1078;2448;Pave;NridgHt;Twnhs;2Story;7;5;2003;2004;0,31;764;10;2008;WD ;Normal;155000
1079;2448;Pave;NridgHt;Twnhs;2Story;7;5;2003;2004;0,31;764;10;2008;WD ;Normal;154000
1080;8198;Pave;NridgHt;TwnhsE;1Story;7;5;2004;2004;0,17;1358;7;2008;WD ;Normal;207000
1081;3940;Pave;Blmngtn;TwnhsE;1Story;7;5;2003;2003;0,37;1455;8;2008;WD ;Normal;195000
1082;3940;Pave;Blmngtn;TwnhsE;1Story;7;5;2004;2004;0,4;1576;5;2008;WD ;Normal;219990
1083;3182;Pave;Blmngtn;TwnhsE;1Story;7;5;2005;2006;0,47;1504;5;2008;WD ;Normal;191000
1084;3182;Pave;Blmngtn;1Fam;1Story;7;5;2007;2007;0,4;1266;3;2008;WD ;Normal;159895
1085;3710;Pave;Blmngtn;1Fam;1Story;7;5;2007;2008;0,34;1246;3;2008;New;Partial;187687
1086;9024;Pave;Gilbert;1Fam;2Story;6;5;2004;2004;0,09;813;7;2008;WD ;Normal;179000
1087;7415;Pave;Gilbert;1Fam;2Story;6;5;2004;2004;0,12;864;4;2008;WD ;Normal;193000
1088;9587;Pave;Gilbert;1Fam;SLvl;7;5;2005;2005;0,12;1166;7;2008;WD ;Normal;190000
1089;8029;Pave;Gilbert;1Fam;2Story;6;5;2005;2005;0,09;728;7;2008;WD ;Normal;176000
1090;8010;Pave;Gilbert;1Fam;2Story;7;5;2002;2003;0,1;840;7;2008;WD ;Normal;188000
1091;8396;Pave;Gilbert;1Fam;2Story;7;5;2003;2003;0,1;847;5;2008;WD ;Normal;213000
1092;7301;Pave;NridgHt;TwnhsE;1Story;7;6;2007;2008;0,19;1358;11;2008;New;Partial;217300
1093;10261;Pave;Gilbert;1Fam;2Story;6;5;2000;2000;0,09;962;5;2008;WD ;Normal;186500
1094;8220;Pave;Gilbert;1Fam;2Story;7;5;2000;2001;0,12;1008;7;2008;WD ;Normal;226750
1095;15384;Pave;Gilbert;1Fam;2Story;7;5;2004;2005;0,05;788;2;2008;WD ;Normal;184000
1096;7750;Pave;Gilbert;1Fam;2Story;7;5;2002;2002;0,09;707;4;2008;WD ;Normal;176000
1097;12460;Pave;Gilbert;1Fam;2Story;7;5;1999;2000;0,08;1037;5;2008;WD ;Normal;225000
1098;8390;Pave;Gilbert;1Fam;2Story;7;5;1999;1999;0,1;873;5;2008;WD ;Normal;185900
1099;9660;Pave;NoRidge;1Fam;2.5Unf;8;5;1997;1997;0,12;1182;9;2008;WD ;Normal;284500
1100;9200;Pave;NoRidge;1Fam;2Story;8;5;1998;1998;0,16;1470;6;2008;WD ;Normal;315000
1101;14260;Pave;NoRidge;1Fam;2Story;8;5;2000;2000;0,08;1145;12;2008;WD ;Normal;250000
1102;11000;Pave;NoRidge;1Fam;2Story;9;5;2000;2000;0,14;1533;6;2008;WD ;Normal;291000
1103;11675;Pave;NoRidge;1Fam;1Story;8;5;1998;1998;0,17;2006;7;2008;WD ;Normal;350000
1104;10990;Pave;NoRidge;1Fam;2Story;7;5;1996;1997;0,1;1064;6;2008;WD ;Normal;279500
1105;11929;Pave;NoRidge;1Fam;2Story;8;7;1995;1995;0,1;1251;6;2008;WD ;Normal;290000
1106;10437;Pave;NoRidge;1Fam;1Story;8;6;1995;1995;0,2;2113;8;2008;WD ;Normal;350000
1107;10542;Pave;NoRidge;1Fam;2Story;7;5;1993;1994;0,13;1325;8;2008;WD ;Normal;341000
1108;10010;Pave;NoRidge;1Fam;2Story;7;5;1993;1994;0,11;1108;7;2008;WD ;Normal;287500
1109;10944;Pave;NoRidge;1Fam;2Story;7;5;1994;1994;0,11;1223;8;2008;WD ;Normal;271000
1110;14303;Pave;NoRidge;1Fam;1Story;8;5;1994;1994;0,14;1987;8;2008;WD ;Normal;301500
1111;11932;Pave;Somerst;1Fam;1Story;8;5;2007;2008;0,13;1580;6;2008;ConLD;Partial;235128
1112;14598;Pave;Somerst;1Fam;2Story;6;5;2007;2007;0,06;894;1;2008;WD ;Normal;214000
1113;11957;Pave;Somerst;1Fam;1Story;8;5;2006;2006;0,13;1574;7;2008;WD ;Normal;232000
1114;13253;Pave;Somerst;1Fam;1Story;7;5;2006;2006;0,12;1578;5;2008;WD ;Normal;240000
1115;14587;Pave;Somerst;1Fam;1Story;9;5;2008;2008;0,1;1506;8;2008;New;Partial;264132
1116;10206;Pave;Somerst;1Fam;1Story;8;5;2007;2007;0,15;1563;10;2008;WD ;Normal;245000
1117;12274;Pave;Somerst;1Fam;1Story;7;5;2008;2008;0,12;1428;7;2008;New;Partial;227680
1118;9801;Pave;Somerst;1Fam;2Story;8;5;2007;2007;0,14;1341;7;2008;WD ;Normal;257000
1119;9428;Pave;Somerst;1Fam;2Story;8;5;2007;2008;0,1;955;2;2008;New;Partial;297900
1120;10037;Pave;Somerst;1Fam;1Story;8;5;2006;2007;0,15;1460;8;2008;WD ;Normal;247000
1121;8640;Pave;Somerst;1Fam;1Story;8;5;2007;2008;0,16;1372;7;2008;New;Partial;212700
1122;8640;Pave;Somerst;1Fam;1Story;7;5;2007;2008;0,16;1372;5;2008;New;Partial;250580
1123;11639;Pave;Somerst;1Fam;1Story;7;5;2007;2008;0,12;1428;12;2008;New;Partial;182000
1124;9803;Pave;Somerst;1Fam;2Story;7;5;2005;2005;0,09;866;2;2008;WD ;Normal;226700
1125;9375;Pave;Somerst;1Fam;2Story;8;5;2003;2004;0,11;1053;8;2008;WD ;Normal;250000
1126;10625;Pave;Somerst;1Fam;2Story;7;5;2005;2005;0,1;1026;7;2008;WD ;Normal;250000
1127;10800;Pave;Somerst;1Fam;2Story;8;5;2007;2008;0,1;1050;4;2008;New;Partial;339750
1128;8125;Pave;Somerst;1Fam;2Story;7;6;2007;2007;0,1;822;5;2008;WD ;Normal;205950
1129;10625;Pave;Somerst;1Fam;1Story;8;5;2007;2007;0,16;1660;6;2008;WD ;Normal;256000
1130;7500;Pave;Somerst;1Fam;1Story;7;5;2007;2008;0,16;1218;4;2008;New;Partial;230348
1131;8791;Pave;Somerst;1Fam;2Story;6;5;2003;2003;0,1;864;5;2008;WD ;Normal;207500
1132;7500;Pave;SawyerW;1Fam;1Story;7;5;2004;2005;0,14;1080;4;2008;WD ;Normal;141000
1133;10110;Pave;SawyerW;1Fam;2Story;6;5;2003;2003;0,08;835;7;2008;WD ;Normal;188000
1134;12774;Pave;SawyerW;1Fam;2Story;7;5;2003;2004;0,07;835;7;2008;WD ;Normal;192500
1135;13072;Pave;SawyerW;1Fam;1Story;6;5;2005;2006;0,09;1175;6;2008;WD ;Normal;146000
1136;13695;Pave;SawyerW;1Fam;1Story;5;5;2004;2004;0,08;1114;6;2008;WD ;Normal;159000
1137;13695;Pave;SawyerW;1Fam;1Story;6;5;2003;2004;0,08;1114;7;2008;WD ;Normal;155000
1138;8366;Pave;SawyerW;1Fam;2Story;6;5;2004;2004;0,1;798;12;2008;WD ;Normal;173000
1139;9260;Pave;SawyerW;1Fam;1Story;7;5;2007;2007;0,13;1162;3;2008;WD ;Normal;170000
1140;8453;Pave;SawyerW;1Fam;2Story;6;5;1995;1995;0,09;754;4;2008;WD ;Normal;182000
1141;8480;Pave;SawyerW;1Fam;2Story;6;5;1993;1994;0,1;886;10;2008;WD ;Normal;163000
1142;8125;Pave;SawyerW;1Fam;1Story;6;5;1994;1998;0,21;1679;10;2008;WD ;Normal;193500
1143;14565;Pave;SawyerW;1Fam;2Story;7;5;1994;1995;0,06;832;11;2008;WD ;Normal;189000
1144;8450;Pave;SawyerW;1Fam;2Story;6;5;2001;2001;0,1;827;9;2008;WD ;Normal;190500
1145;8285;Pave;SawyerW;1Fam;2Story;7;5;1992;1992;0,1;844;5;2008;WD ;Normal;175000
1146;7153;Pave;SawyerW;1Fam;1Story;6;5;1991;1991;0,18;1294;6;2008;WD ;Normal;179200
1147;9291;Pave;SawyerW;1Fam;2Story;6;5;1993;1993;0,09;832;6;2008;WD ;Normal;187000
1148;8012;Pave;SawyerW;TwnhsE;1Story;6;5;1993;1994;0,2;1617;7;2008;WD ;Normal;193000
1149;7892;Pave;SawyerW;TwnhsE;1Story;6;5;1993;1993;0,15;1199;3;2008;WD ;Normal;153900
1150;9100;Pave;Sawyer;1Fam;1Story;5;5;1963;1963;0,11;984;8;2008;WD ;Normal;128000
1151;12968;Pave;Sawyer;1Fam;1Story;5;6;1962;1962;0,07;912;9;2008;WD ;Normal;144000
1152;8100;Pave;Sawyer;1Fam;1Story;5;8;1961;2007;0,11;864;7;2008;WD ;Normal;135000
1153;8450;Pave;Sawyer;2fmCon;1Story;5;5;1968;1968;0,11;890;4;2008;WD ;Normal;115000
1154;6360;Pave;Sawyer;1Fam;1Story;5;5;1963;1963;0,14;864;1;2008;COD;Abnorml;119916
1155;6768;Pave;Sawyer;1Fam;1Story;6;8;1961;1996;0,13;912;5;2008;WD ;Normal;142000
1156;19508;Pave;Veenker;1Fam;1Story;6;5;1974;1974;0,07;1430;7;2008;WD ;Normal;192000
1157;10759;Pave;Sawyer;1Fam;1.5Fin;5;4;1972;1972;0,09;1001;7;2008;WD ;Normal;140000
1158;9205;Pave;NoRidge;1Fam;2Story;6;5;1990;1991;0,15;1364;6;2008;WD ;Normal;290000
1159;11025;Pave;NoRidge;1Fam;1.5Fin;9;5;1993;1994;0,17;1827;6;2008;WD ;Normal;372500
1160;4282;Pave;Somerst;TwnhsE;1Story;7;5;2004;2004;0,32;1391;7;2008;WD ;Normal;196000
1161;4017;Pave;Somerst;TwnhsE;2Story;7;5;2006;2007;0,16;625;3;2008;WD ;Normal;171900
1162;3435;Pave;Somerst;TwnhsE;1Story;7;5;2004;2005;0,36;1245;6;2008;WD ;Normal;178000
1163;3180;Pave;Somerst;TwnhsE;2Story;6;5;2005;2005;0,19;600;5;2008;WD ;Normal;165000
1164;3180;Pave;Somerst;TwnhsE;2Story;7;5;2007;2007;0,22;703;3;2008;WD ;Abnorml;146000
1165;3604;Pave;Somerst;TwnhsE;2Story;7;5;2007;2007;0,2;703;2;2008;WD ;Abnorml;146000
1166;2280;Pave;Somerst;Twnhs;2Story;7;5;1999;1999;0,33;757;8;2008;WD ;Normal;179400
1167;2280;Pave;Somerst;Twnhs;2Story;6;5;1999;1999;0,33;757;4;2008;WD ;Normal;172900
1168;4765;Pave;Somerst;TwnhsE;1Story;9;5;2000;2000;0,34;1638;7;2008;WD ;Normal;300000
1169;4538;Pave;Somerst;TwnhsE;1Story;9;5;2001;2001;0,29;1310;7;2008;WD ;Normal;285000
1170;4385;Pave;Somerst;TwnhsE;1Story;9;5;2001;2001;0,32;1419;9;2008;WD ;Normal;290000
1171;4109;Pave;Somerst;TwnhsE;1Story;9;5;1999;2000;0,38;1557;6;2008;WD ;Normal;305000
1172;5119;Pave;Somerst;TwnhsE;1Story;9;5;1999;2000;0,33;1709;1;2008;CWD;Abnorml;328900
1173;2160;Pave;Somerst;Twnhs;2Story;7;5;1999;2000;0,29;624;3;2008;WD ;Normal;160000
1174;2160;Pave;Somerst;Twnhs;SLvl;7;5;1999;2000;0,32;684;6;2008;WD ;Normal;170000
1175;10646;Pave;Somerst;1Fam;2Story;7;5;2001;2001;0,08;872;6;2008;WD ;Normal;223000
1176;2645;Pave;Somerst;Twnhs;2Story;8;5;1999;1999;0,36;962;12;2008;WD ;Normal;170000
1177;2645;Pave;Somerst;Twnhs;2Story;8;5;1999;2000;0,36;962;12;2008;ConLD;Normal;200000
1178;3951;Pave;Somerst;TwnhsE;2Story;10;5;1998;1999;0,37;1469;2;2008;WD ;Normal;345000
1179;14963;Pave;Veenker;TwnhsE;1Story;8;5;1996;1996;0,09;1288;12;2008;WD ;Normal;245500
1180;11064;Pave;Veenker;TwnhsE;1Story;8;5;1995;1995;0,11;1239;8;2008;WD ;Normal;217500
1181;10846;Pave;Veenker;TwnhsE;1Story;8;5;1993;1993;0,16;1719;5;2008;Con;Normal;324000
1182;11120;Pave;Veenker;1Fam;1Story;6;6;1984;1984;0,11;1232;6;2008;WD ;Normal;162500
1183;24572;Pave;Veenker;1Fam;2Story;9;3;1977;1977;0,07;1599;6;2008;WD ;Family;150000
1184;16280;Pave;Veenker;1Fam;1Story;8;9;1976;2007;0,1;1671;5;2008;WD ;Normal;290000
1185;7500;Pave;Somerst;1Fam;2Story;7;5;2002;2002;0,13;952;4;2008;WD ;Normal;205000
1186;10400;Pave;NWAmes;1Fam;1Story;7;6;1970;1970;0,16;1682;5;2008;WD ;Normal;174000
1187;11104;Pave;NWAmes;1Fam;SLvl;6;6;1969;1969;0,13;1427;5;2008;WD ;Normal;183000
1188;11050;Pave;NWAmes;1Fam;1Story;6;5;1968;1968;0,16;1740;10;2008;WD ;Family;150000
1189;11040;Pave;NWAmes;1Fam;1Story;6;7;1971;2004;0,11;1258;10;2008;COD;Abnorml;145000
1190;15387;Pave;NWAmes;1Fam;1Story;7;7;1967;1967;0,11;1620;8;2008;WD ;Normal;215000
1191;9750;Pave;NWAmes;Duplex;1Story;5;6;1965;1965;0,17;1625;8;2008;ConLD;Normal;140500
1192;10800;Pave;NWAmes;1Fam;2Story;6;7;1974;1997;0,14;1548;6;2008;WD ;Normal;240000
1193;8814;Pave;NAmes;1Fam;2Story;5;6;1968;1968;0,08;732;6;2008;WD ;Normal;141000
1194;8872;Pave;NAmes;1Fam;1Story;5;8;1965;2008;0,1;912;12;2008;WD ;Normal;147000
1195;8125;Pave;NAmes;1Fam;1Story;5;7;1965;2005;0,11;925;7;2008;WD ;Normal;135000
1196;11072;Pave;NAmes;Duplex;1Story;5;5;1965;1965;0,16;1728;11;2008;WD ;Normal;145000
1197;13101;Pave;NAmes;Duplex;1Story;5;5;1965;1965;0,13;1728;11;2008;WD ;Normal;142600
1198;9246;Pave;NWAmes;Duplex;1Story;5;5;1973;1973;0,18;1656;11;2008;WD ;Normal;135000
1199;13355;Pave;NWAmes;1Fam;2Story;7;6;1971;1971;0,06;845;5;2008;WD ;Normal;170000
1200;8963;Pave;NWAmes;1Fam;2Story;8;9;1976;1996;0,13;1175;7;2008;WD ;Normal;299800
1201;9120;Pave;NWAmes;1Fam;2Story;6;6;1974;1974;0,1;943;7;2008;WD ;Normal;185000
1202;9130;Pave;NWAmes;1Fam;2Story;6;8;1966;2000;0,09;800;7;2008;WD ;Normal;173000
1203;12122;Pave;NAmes;1Fam;SFoyer;7;9;1961;2007;0,08;999;7;2008;WD ;Normal;178400
1204;9900;Pave;NWAmes;1Fam;2Story;7;5;1968;1968;0,11;1098;4;2008;WD ;Normal;176000
1205;7785;Pave;NAmes;1Fam;1Story;5;5;1956;1956;0,13;1014;3;2008;WD ;Normal;98000
1206;8593;Pave;NAmes;1Fam;1Story;4;6;1957;1957;0,11;907;7;2008;WD ;Normal;109008
1207;8475;Pave;NAmes;1Fam;1Story;4;7;1956;1956;0,11;952;4;2008;WD ;Normal;135750
1208;8700;Pave;NAmes;1Fam;1Story;5;6;1963;1963;0,13;1128;12;2008;WD ;Normal;155000
1209;10175;Pave;NAmes;1Fam;1Story;6;5;1964;1964;0,14;1425;7;2008;WD ;Normal;180500
1210;9020;Pave;NAmes;1Fam;SLvl;6;7;1966;1966;0,13;1165;5;2008;WD ;Normal;174900
1211;9200;Pave;NAmes;1Fam;1Story;6;6;1965;1965;0,12;1136;7;2008;WD ;Normal;140000
1212;8250;Pave;NAmes;1Fam;1Story;6;7;1964;1964;0,13;1092;7;2008;WD ;Normal;145000
1213;9350;Pave;NAmes;1Fam;SLvl;5;8;1965;1999;0,14;1265;10;2008;WD ;Normal;179900
1214;9020;Pave;NAmes;1Fam;SLvl;6;5;1964;1964;0,15;1350;6;2008;WD ;Normal;168500
1215;9900;Pave;NAmes;1Fam;1Story;5;5;1961;1961;0,11;1114;5;2008;COD;Abnorml;140000
1216;10007;Pave;NAmes;1Fam;1Story;5;7;1959;2006;0,11;1053;8;2008;WD ;Normal;145500
1217;10721;Pave;NAmes;1Fam;1Story;6;6;1959;1959;0,12;1252;10;2008;WD ;Normal;142000
1218;12493;Pave;NAmes;1Fam;1Story;4;5;1960;1960;0,09;1100;4;2008;WD ;Normal;141000
1219;11332;Pave;NAmes;1Fam;1Story;5;7;1960;2000;0,1;1118;8;2008;WD ;Normal;153000
1220;6627;Pave;BrkSide;1Fam;1Story;3;6;1949;1950;0,11;720;7;2008;WD ;Normal;72500
1221;4130;Pave;BrkSide;1Fam;1Story;3;6;1935;2003;0,18;729;7;2008;WD ;Normal;52000
1222;7420;Pave;BrkSide;2fmCon;1.5Unf;5;6;1939;1950;0,15;1077;1;2008;WD ;Normal;118000
1223;4882;Pave;BrkSide;1Fam;2Story;4;7;1937;1950;0,09;453;9;2008;WD ;Normal;87000
1224;9600;Pave;NAmes;1Fam;1Story;5;6;1960;1960;0,16;1496;2;2008;WD ;Normal;141500
1225;9600;Pave;NAmes;1Fam;1.5Fin;6;5;1950;1950;0,11;1032;4;2008;WD ;Abnorml;119000
1226;9600;Pave;NAmes;1Fam;1Story;5;8;1950;2006;0,14;1337;9;2008;WD ;Normal;141500
1227;9600;Pave;NAmes;1Fam;SLvl;6;6;1955;1996;0,17;1661;10;2008;WD ;Normal;165500
1228;7584;Pave;NAmes;1Fam;1Story;5;5;1953;1953;0,14;1036;6;2008;WD ;Normal;112900
1229;13700;Pave;NAmes;1Fam;2Story;7;6;1965;1988;0,07;902;5;2008;WD ;Normal;201800
1230;10197;Pave;NAmes;1Fam;1Story;6;5;1961;1961;0,13;1362;6;2008;COD;Normal;163000
1231;7875;Pave;NAmes;1Fam;1Story;5;6;1961;1961;0,15;1144;9;2008;WD ;Normal;139950
1232;8400;Pave;NAmes;1Fam;1Story;6;9;1962;2005;0,18;1537;7;2008;COD;Abnorml;174000
1233;9150;Pave;NAmes;1Fam;SLvl;6;5;1962;1962;0,16;1431;12;2008;WD ;Normal;165000
1234;14670;Pave;NAmes;1Fam;2Story;6;7;1966;1999;0,08;1104;8;2008;WD ;Normal;227000
1235;7390;Pave;NAmes;1Fam;1Story;5;7;1955;1955;0,15;1098;7;2008;WD ;Normal;135000
1236;9204;Pave;NAmes;1Fam;1Story;5;5;1963;1963;0,12;1144;8;2008;COD;Normal;124000
1237;7763;Pave;NAmes;1Fam;1Story;5;7;1962;1980;0,17;1283;10;2008;WD ;Normal;140000
1238;8856;Pave;NAmes;1Fam;1Story;5;4;1957;1957;0,13;1176;5;2008;WD ;Normal;136500
1239;9840;Pave;NAmes;1Fam;1Story;5;7;1959;1998;0,15;1440;6;2008;WD ;Normal;185000
1240;9120;Pave;NAmes;1Fam;1Story;6;6;1958;1958;0,14;1261;11;2008;WD ;Normal;163000
1241;13200;Pave;NAmes;1Fam;1Story;6;6;1958;1958;0,12;1570;5;2008;WD ;Normal;166800
1242;9000;Pave;NAmes;1Fam;1Story;6;5;1956;1956;0,13;1196;5;2008;WD ;Normal;139000
1243;11900;Pave;NAmes;1Fam;1Story;6;5;1957;1957;0,12;1392;6;2008;WD ;Normal;166000
1244;9464;Pave;NAmes;1Fam;1Story;6;7;1958;1958;0,11;1080;6;2008;WD ;Normal;136000
1245;10425;Pave;NAmes;1Fam;1Story;5;5;1956;1958;0,11;1104;4;2008;WD ;Normal;133000
1246;11556;Pave;NAmes;1Fam;1Story;5;6;1952;1952;0,08;882;5;2008;WD ;Normal;116000
1247;9373;Pave;NAmes;1Fam;1Story;5;6;1953;1953;0,12;1152;5;2008;WD ;Normal;137500
1248;12774;Pave;NAmes;1Fam;1Story;5;5;1953;1953;0,07;950;7;2008;WD ;Normal;130000
1249;14250;Pave;NAmes;1Fam;1Story;6;5;1957;1957;0,13;1790;9;2008;WD ;Normal;180000
1250;7350;Pave;NAmes;1Fam;1Story;5;7;1951;1951;0,13;952;6;2008;COD;Abnorml;139000
1251;7677;Pave;NAmes;1Fam;1Story;5;5;1953;1953;0,1;773;4;2008;WD ;Abnorml;110000
1252;8838;Pave;NAmes;1Fam;1Story;5;3;1957;1982;0,2;1764;10;2008;WD ;Normal;100000
1253;8480;Pave;NAmes;1Fam;1.5Fin;5;5;1947;1950;0,1;832;10;2008;COD;Abnorml;118500
1254;12436;Pave;NAmes;Duplex;1Story;5;5;1957;1957;0,15;1824;1;2008;WD ;Normal;146000
1255;10122;Pave;OldTown;1Fam;1Story;4;6;1948;1950;0,09;869;8;2008;WD ;Normal;89900
1256;7506;Pave;OldTown;1Fam;1.5Fin;5;8;1925;1950;0,1;747;5;2008;WD ;Normal;114000
1257;10930;Pave;NAmes;1Fam;1.5Fin;5;6;1945;1950;0,1;1048;4;2008;WD ;Normal;140000
1258;5400;Pave;OldTown;1Fam;1Story;4;7;1940;2005;0,12;672;7;2008;WD ;Normal;86900
1259;10836;Pave;OldTown;1Fam;1.5Fin;5;5;1922;1950;0,12;1254;6;2008;WD ;Normal;139000
1260;10800;Pave;OldTown;2fmCon;2Story;4;7;1900;2000;0,06;694;8;2008;WD ;Normal;106250
1261;9247;Pave;NAmes;1Fam;2Story;6;6;1962;1962;0,09;858;3;2008;WD ;Normal;171000
1262;10180;Pave;NAmes;1Fam;1Story;5;6;1968;1968;0,1;1044;6;2008;WD ;Normal;139000
1263;11355;Pave;NAmes;1Fam;1Story;7;7;1958;2001;0,12;1312;4;2008;WD ;Normal;186000
1264;10920;Pave;NAmes;1Fam;1Story;6;5;1960;1960;0,11;1253;5;2008;WD ;Normal;157000
1265;12929;Pave;NAmes;1Fam;1Story;6;6;1960;1993;0,08;1081;6;2008;WD ;Normal;148000
1266;27650;Pave;NAmes;1Fam;1Story;7;7;1960;2007;0,07;2069;11;2008;WD ;Normal;242000
1267;8892;Pave;NAmes;1Fam;1Story;5;7;1953;1996;0,1;910;10;2008;WD ;Normal;116000
1268;7200;Pave;NAmes;1Fam;1Story;5;7;1951;1951;0,12;876;2;2008;WD ;Abnorml;94000
1269;7200;Pave;NAmes;1Fam;1Story;5;5;1950;1950;0,15;1048;7;2008;WD ;Normal;98300
1270;7910;Pave;NAmes;1Fam;SLvl;5;5;1960;1960;0,19;1507;8;2008;WD ;Normal;127000
1271;8000;Pave;NAmes;1Fam;1Story;5;6;1959;1959;0,16;1256;5;2008;WD ;Normal;159000
1272;8000;Pave;NAmes;1Fam;1Story;5;5;1962;1962;0,13;1027;11;2008;WD ;Normal;125900
1273;7931;Pave;NAmes;1Fam;1Story;5;6;1960;1960;0,16;1269;6;2008;WD ;Normal;155000
1274;8064;Pave;NAmes;1Fam;1.5Fin;6;6;1948;1950;0,1;819;9;2008;WD ;Normal;138000
1275;6390;Pave;NAmes;1Fam;1.5Unf;6;7;1954;1954;0,15;984;6;2008;WD ;Normal;112500
1276;7227;Pave;NAmes;1Fam;1.5Unf;6;6;1954;1954;0,12;832;6;2008;WD ;Normal;105500
1277;7200;Pave;NAmes;1Fam;1.5Fin;6;5;1954;1954;0,12;854;4;2008;WD ;Normal;127500
1278;8513;Pave;NAmes;Duplex;1Story;5;5;1961;1961;0,21;1800;11;2008;WD ;Abnorml;130000
1279;7200;Pave;NAmes;1Fam;1.5Fin;5;6;1955;1967;0,14;1024;3;2008;WD ;Normal;150000
1280;7200;Pave;NAmes;1Fam;1Story;5;7;1954;1954;0,11;825;7;2008;WD ;Normal;109500
1281;7056;Pave;NAmes;1Fam;2Story;6;5;1963;1963;0,14;983;10;2008;WD ;Normal;140000
1282;9760;Pave;NAmes;1Fam;2Story;6;6;1964;1964;0,08;798;6;2008;WD ;Normal;167900
1283;7590;Pave;NAmes;1Fam;1Story;5;5;1963;1963;0,15;1117;5;2008;COD;Normal;136870
1284;9836;Pave;OldTown;1Fam;1Story;6;5;2008;2008;0,12;1133;12;2008;WD ;Abnorml;143000
1285;5232;Pave;OldTown;1Fam;1Story;5;5;1925;2004;0,15;764;6;2008;WD ;Normal;73000
1286;10440;Pave;OldTown;1Fam;2Story;5;8;1904;2002;0,09;958;6;2008;WD ;Normal;157500
1287;9184;Pave;OldTown;1Fam;1.5Fin;5;7;1948;2005;0,1;948;7;2008;WD ;Normal;122600
1288;4800;Pave;OldTown;1Fam;2Story;5;5;1910;2003;0,14;680;1;2008;WD ;Normal;111000
1289;10440;Pave;OldTown;1Fam;1.5Fin;6;7;1920;1950;0,15;1584;6;2008;WD ;Normal;256000
1290;4800;Pave;OldTown;1Fam;1Story;5;4;1940;1950;0,14;672;8;2008;WD ;Normal;64000
1291;6000;Pave;OldTown;1Fam;2.5Unf;6;7;1915;2005;0,12;728;6;2008;WD ;Normal;139500
1292;11426;Pave;OldTown;2fmCon;1.5Fin;4;6;1910;1996;0,07;828;6;2008;WD ;Normal;118000
1293;11426;Pave;OldTown;1Fam;1.5Fin;7;5;2003;2003;0,12;1362;6;2008;WD ;Normal;200000
1294;7628;Pave;OldTown;1Fam;1.5Fin;4;6;1940;1985;0,14;1095;5;2008;WD ;Normal;119164
1295;7308;Pave;OldTown;1Fam;1.5Fin;5;5;1920;1950;0,13;960;6;2008;WD ;Normal;122250
1296;5400;Pave;OldTown;1Fam;1Story;7;6;1920;2006;0,19;1027;2;2008;WD ;Normal;120000
1297;10800;Pave;OldTown;2fmCon;1.5Fin;6;6;1940;1950;0,08;884;5;2008;Con;Normal;155000
1298;6756;Pave;OldTown;1Fam;1Story;5;6;1910;1950;0,13;899;9;2008;WD ;Normal;78000
1299;5914;Pave;OldTown;1Fam;1.5Fin;5;9;1890;1996;0,12;684;9;2008;WD ;Normal;95000
1300;6000;Pave;OldTown;1Fam;1Story;5;5;1948;1950;0,13;789;4;2008;WD ;Partial;115000
1301;12000;Pave;OldTown;1Fam;1Story;5;7;1948;2005;0,09;1122;5;2008;WD ;Normal;147000
1302;9000;Pave;OldTown;1Fam;1.5Fin;5;6;1946;1950;0,1;904;6;2008;WD ;Normal;140000
1303;7311;Pave;OldTown;1Fam;1Story;2;5;1946;1950;0,06;407;3;2008;WD ;Abnorml;46500
1304;6000;Pave;OldTown;1Fam;1Story;5;6;1957;1957;0,15;928;6;2008;WD ;Normal;112500
1305;6000;Pave;OldTown;1Fam;1Story;4;7;1954;2000;0,15;901;8;2008;WD ;Normal;107900
1306;12205;Pave;OldTown;1Fam;1Story;3;1;1949;1992;0,13;1588;12;2008;WD ;Abnorml;65000
1307;18386;Pave;OldTown;1Fam;2.5Fin;7;9;1880;2002;0,09;1675;5;2008;WD ;Normal;295000
1308;9142;Pave;OldTown;2fmCon;2Story;5;5;1900;2006;0,09;830;2;2008;WD ;Normal;139500
1309;12665;Pave;OldTown;1Fam;1.5Fin;5;8;1915;1950;0,07;876;6;2008;WD ;Normal;153900
1310;5350;Pave;OldTown;1Fam;2Story;7;8;1920;1965;0,14;730;3;2008;WD ;Normal;132000
1311;4571;Pave;OldTown;1Fam;2Story;5;5;1916;1950;0,14;624;5;2008;COD;Abnorml;98000
1312;9143;Pave;OldTown;1Fam;1.5Fin;5;7;1900;2003;0,08;709;5;2008;WD ;Normal;114000
1313;9600;Pave;OldTown;2fmCon;2Story;5;5;1920;1960;0,14;1377;4;2008;WD ;Normal;130000
1314;9600;Pave;OldTown;1Fam;2.5Unf;6;5;1917;1950;0,12;1134;4;2008;WD ;Normal;129500
1315;6000;Pave;OldTown;1Fam;2Story;5;9;1905;2005;0,15;884;2;2008;WD ;Normal;129400
1316;9600;Pave;OldTown;1Fam;2Story;7;9;1928;2005;0,07;689;10;2008;WD ;Normal;161000
1317;10800;Pave;OldTown;2fmCon;1.5Fin;6;7;1905;2000;0,11;1221;4;2008;WD ;Normal;163000
1318;6300;Pave;OldTown;1Fam;2.5Unf;6;6;1914;2001;0,12;742;6;2008;WD ;Normal;128000
1319;5250;Pave;OldTown;1Fam;2Story;8;5;1872;1987;0,18;938;12;2008;WD ;Normal;122000
1320;5700;Pave;OldTown;1Fam;1.5Fin;7;7;1926;1950;0,1;572;8;2008;WD ;Normal;116900
1321;13500;Pave;OldTown;1Fam;2.5Unf;10;9;1893;2000;0,11;1521;7;2008;WD ;Normal;325000
1322;11340;Pave;OldTown;1Fam;2Story;2;1;1920;1950;0,06;723;11;2008;ConLD;Normal;55000
1323;10800;Pave;OldTown;1Fam;2Story;7;7;1890;1999;0,12;1313;12;2008;WD ;Normal;184000
1324;9750;Pave;OldTown;1Fam;1Story;5;6;1959;1959;0,1;984;6;2008;WD ;Normal;110000
1325;12150;Pave;OldTown;1Fam;1.5Fin;5;5;1954;1954;0,09;1050;11;2008;WD ;Normal;131500
1326;12702;Pave;OldTown;1Fam;1Story;5;5;1956;1956;0,07;882;12;2008;WD ;Normal;97000
1327;8516;Pave;OldTown;1Fam;1Story;4;6;1958;2006;0,13;1093;5;2008;WD ;Normal;115500
1328;7111;Pave;BrkSide;1Fam;1Story;5;7;1928;1983;0,16;1143;7;2008;WD ;Normal;138000
1329;7425;Pave;BrkSide;1Fam;1.5Fin;7;7;1945;1950;0,16;1195;8;2008;WD ;Abnorml;108000
1330;9100;Pave;BrkSide;1Fam;1Story;5;6;1930;1960;0,09;779;8;2008;WD ;Normal;79500
1331;7010;Pave;BrkSide;1Fam;1.5Fin;5;5;1935;1950;0,16;1144;7;2008;WD ;Normal;153000
1332;6130;Pave;BrkSide;1Fam;1.5Unf;5;6;1924;1950;0,13;784;5;2008;WD ;Normal;109500
1333;5000;Pave;BrkSide;1Fam;1.5Fin;5;7;1941;2006;0,17;832;5;2008;WD ;Normal;124000
1334;5870;Pave;BrkSide;1Fam;2Story;6;9;1900;2000;0,13;736;4;2008;WD ;Normal;106900
1335;6000;Pave;BrkSide;1Fam;1.5Fin;6;7;1940;1989;0,17;1014;7;2008;WD ;Normal;164900
1336;6000;Pave;BrkSide;1Fam;1Story;5;7;1924;2003;0,16;949;7;2008;WD ;Normal;119000
1337;6000;Pave;BrkSide;1Fam;1.5Fin;6;7;1929;1950;0,16;950;7;2008;WD ;Normal;120000
1338;6000;Pave;BrkSide;1Fam;1.5Fin;6;7;1937;2000;0,14;825;5;2008;WD ;Normal;157000
1339;6000;Pave;BrkSide;1Fam;1.5Fin;6;5;1939;1950;0,15;874;4;2008;WD ;Normal;105000
1340;5000;Pave;BrkSide;1Fam;1.5Unf;6;7;1926;1950;0,2;1013;4;2008;WD ;Normal;113000
1341;5520;Pave;BrkSide;1Fam;1.5Fin;5;7;1920;1997;0,1;565;4;2008;WD ;Normal;115000
1342;5940;Pave;BrkSide;1Fam;1Story;4;7;1946;1950;0,15;896;4;2008;ConLD;Abnorml;79000
1343;6240;Pave;BrkSide;1Fam;1.5Fin;4;7;1929;1950;0,1;624;8;2008;WD ;Normal;123000
1344;6120;Pave;BrkSide;1Fam;1Story;5;6;1945;1995;0,13;808;6;2008;WD ;Normal;81300
1345;6240;Pave;BrkSide;1Fam;1.5Fin;5;7;1930;1992;0,18;1128;6;2008;WD ;Normal;162900
1346;6240;Pave;BrkSide;1Fam;1.5Fin;7;5;1939;1950;0,2;1245;1;2008;WD ;Normal;150000
1347;6120;Pave;OldTown;1Fam;2Story;5;5;1923;1950;0,2;1226;10;2008;WD ;Normal;123500
1348;6120;Pave;OldTown;1Fam;1.5Fin;7;5;1931;1950;0,17;1022;4;2008;WD ;Abnorml;129900
1349;6155;Pave;BrkSide;1Fam;2Story;6;8;1920;1999;0,12;751;6;2008;WD ;Normal;128000
1350;6324;Pave;BrkSide;1Fam;1Story;4;6;1927;1950;0,08;520;5;2008;WD ;Normal;68500
1351;8635;Pave;BrkSide;1Fam;1.5Fin;5;5;1948;2001;0,12;1072;1;2008;WD ;Normal;127000
1352;13053;Pave;BrkSide;1Fam;1.5Fin;6;7;1923;2000;0,08;1053;6;2008;WD ;Normal;207000
1353;9120;Pave;BrkSide;1Fam;1.5Fin;7;6;1925;1950;0,12;1133;6;2008;WD ;Normal;184000
1354;9144;Pave;BrkSide;1Fam;1.5Fin;6;4;1915;2004;0,13;1170;3;2008;WD ;Normal;162500
1355;9144;Pave;BrkSide;1Fam;1.5Fin;5;5;1940;1982;0,11;988;7;2008;WD ;Normal;145000
1356;10267;Pave;BrkSide;1Fam;1Story;6;7;1918;2000;0,08;838;5;2008;WD ;Normal;130000
1357;8094;Pave;OldTown;2fmCon;2.5Unf;6;8;1910;1983;0,15;1242;9;2008;WD ;Normal;160000
1358;5100;Pave;OldTown;1Fam;2Story;8;7;1925;1996;0,16;833;6;2008;WD ;Normal;161000
1359;4347;Pave;OldTown;1Fam;1.5Fin;6;8;1910;1950;0,19;825;6;2008;WD ;Normal;127500
1360;6291;Grvl;IDOTRR;1Fam;1Story;6;6;1930;1950;0,12;768;7;2008;WD ;Normal;93850
1361;10266;Pave;IDOTRR;1Fam;2Story;6;6;1952;1952;0,07;768;5;2008;COD;Abnorml;136000
1362;6876;Pave;IDOTRR;1Fam;1.5Fin;6;6;1938;1958;0,18;1272;11;2008;COD;Normal;141000
1363;10320;Pave;IDOTRR;1Fam;1.5Fin;5;6;1915;1978;0,09;880;4;2008;WD ;Normal;120000
1364;7200;Pave;IDOTRR;1Fam;1Story;6;7;1925;1992;0,14;1040;7;2008;WD ;Normal;127500
1365;7006;Pave;IDOTRR;1Fam;1.5Fin;6;6;1925;1950;0,11;788;8;2008;WD ;Family;127000
1366;7920;Pave;IDOTRR;1Fam;1.5Fin;6;7;1920;1950;0,13;1035;3;2008;WD ;Normal;89500
1367;8235;Pave;OldTown;1Fam;1Story;5;7;1955;1995;0,1;825;6;2008;WD ;Normal;125000
1368;5586;Pave;OldTown;1Fam;1.5Fin;6;7;1920;1998;0,19;1088;9;2008;ConLD;Abnorml;79900
1369;10320;Pave;IDOTRR;1Fam;1Story;5;8;1912;1991;0,07;759;8;2008;ConLD;Family;85000
1370;10320;Pave;IDOTRR;2fmCon;2Story;3;3;1915;1950;0,08;808;5;2008;WD ;Normal;82375
1371;10320;Pave;IDOTRR;1Fam;1.5Fin;6;7;1906;1995;0,07;756;6;2008;WD ;Normal;135000
1372;9488;Pave;Sawyer;1Fam;1Story;5;6;1947;1993;0,11;1054;9;2008;WD ;Abnorml;124000
1373;8250;Pave;Sawyer;1Fam;1Story;5;5;1968;1968;0,15;1211;8;2008;WD ;Normal;134000
1374;21286;Pave;Sawyer;1Fam;1.5Fin;5;5;1948;1950;0,03;720;8;2008;WD ;Normal;135000
1375;17120;Pave;ClearCr;1Fam;1.5Fin;4;4;1959;1959;0,07;1120;7;2008;WD ;Normal;134432
1376;10106;Pave;Edwards;2fmCon;1.5Fin;5;7;1940;1999;0,08;808;9;2008;WD ;Normal;127500
1377;11235;Pave;Sawyer;1Fam;SFoyer;5;6;1963;1963;0,1;1075;5;2008;WD ;Abnorml;148000
1378;11200;Pave;Sawyer;1Fam;1Story;5;5;1965;1965;0,09;1040;2;2008;WD ;Normal;129500
1379;13014;Pave;Sawyer;1Fam;SLvl;6;5;1978;1978;0,08;1096;12;2008;WD ;Normal;157500
1380;7162;Pave;Sawyer;1Fam;1Story;5;7;1966;1966;0,13;904;12;2008;WD ;Abnorml;109900
1381;10265;Pave;Sawyer;1Fam;1Story;5;7;1967;2005;0,1;992;7;2008;WD ;Normal;145000
1382;9764;Pave;Sawyer;1Fam;1Story;5;7;1967;2003;0,09;894;5;2008;WD ;Normal;130000
1383;7703;Pave;Sawyer;1Fam;SFoyer;6;8;1978;1978;0,13;1034;5;2008;WD ;Normal;153000
1384;9981;Pave;Sawyer;1Fam;1Story;5;5;1967;1967;0,11;1073;3;2008;WD ;Normal;120000
1385;7400;Pave;Sawyer;1Fam;SFoyer;5;5;1984;1984;0,15;1126;3;2008;WD ;Normal;152000
1386;12900;Pave;Sawyer;Duplex;SFoyer;4;4;1969;1969;0,1;1258;1;2008;WD ;Alloca;108959
1387;12900;Pave;Sawyer;2fmCon;1Story;5;4;1920;1950;0,09;1140;1;2008;WD ;Alloca;95541
1388;9000;Pave;Sawyer;1Fam;1Story;5;3;1959;1959;0,11;1006;7;2008;WD ;Normal;80000
1389;8544;Pave;Sawyer;1Fam;1Story;5;6;1966;2006;0,14;1228;6;2008;WD ;Normal;149350
1390;9239;Pave;Sawyer;1Fam;1Story;5;8;1963;2003;0,1;960;5;2008;WD ;Normal;144900
1391;14175;Pave;Sawyer;1Fam;1Story;6;8;1956;1956;0,08;1188;6;2008;WD ;Normal;185000
1392;13284;Pave;Sawyer;1Fam;1Story;5;5;1954;1954;0,1;1383;6;2008;WD ;Normal;165000
1393;13500;Pave;ClearCr;1Fam;1Story;6;7;1960;1975;0,09;1252;3;2008;WD ;Normal;235000
1394;13825;Pave;Sawyer;1Fam;SLvl;5;6;1958;1987;0,07;1021;12;2008;WD ;Normal;140000
1395;10200;Pave;Sawyer;1Fam;1Story;5;8;1940;1997;0,07;672;8;2008;WD ;Normal;108000
1396;10532;Pave;ClearCr;1Fam;1Story;5;3;1960;1960;0,16;1721;12;2008;WD ;Abnorml;145000
1397;8375;Pave;Sawyer;1Fam;1.5Fin;5;7;1941;1973;0,1;864;6;2008;WD ;Normal;152400
1398;10200;Pave;Sawyer;1Fam;SLvl;5;8;1970;1970;0,09;904;6;2008;WD ;Normal;144000
1399;2887;Pave;ClearCr;1Fam;1Story;6;5;1996;1997;0,45;1291;11;2008;WD ;Normal;173000
1400;10005;Pave;ClearCr;1Fam;2Story;7;5;1977;1977;0,12;1156;3;2008;WD ;Normal;192000
1401;20270;Pave;ClearCr;1Fam;1Story;7;6;1979;1979;0,08;1524;4;2008;WD ;Normal;245000
1402;39104;Pave;ClearCr;1Fam;1Story;7;7;1954;2005;0,03;1363;4;2008;WD ;Normal;241500
1403;53227;Pave;ClearCr;1Fam;1Story;4;6;1954;1994;0,03;1663;3;2008;WD ;Normal;256000
1404;11512;Pave;Edwards;1Fam;SLvl;6;7;1959;2006;0,12;1357;5;2008;WD ;Normal;177000
1405;5190;Pave;Edwards;1Fam;1.5Fin;7;5;1948;1950;0,12;617;1;2008;WD ;Normal;125600
1406;10452;Pave;Edwards;1Fam;1Story;6;5;1953;1953;0,1;1094;6;2008;WD ;Normal;155000
1407;45600;Pave;ClearCr;1Fam;1.5Fin;6;8;1908;1997;0,03;1307;9;2008;WD ;Normal;240000
1408;19550;Pave;Edwards;1Fam;1Story;5;7;1940;2007;0,08;1518;1;2008;WD ;Normal;260000
1409;21780;Pave;Edwards;1Fam;1.5Fin;6;7;1918;1950;0,05;1163;7;2008;WD ;Normal;185000
1410;13728;Pave;Edwards;1Fam;2Story;6;7;1935;1986;0,09;1236;7;2008;WD ;Normal;235000
1411;9571;Pave;Edwards;1Fam;1Story;5;6;1956;1956;0,16;1509;7;2008;WD ;Normal;159900
1412;9350;Pave;Edwards;Duplex;SFoyer;5;5;1975;1975;0,09;864;4;2008;WD ;Normal;99600
1413;9360;Pave;Edwards;1Fam;2Story;6;8;1962;2001;0,07;621;11;2008;WD ;Normal;134500
1414;8405;Pave;Edwards;1Fam;1.5Fin;5;8;1900;1950;0,11;961;4;2008;WD ;Normal;119000
1415;7000;Pave;Edwards;2fmCon;2Story;5;7;1910;1991;0,12;820;1;2008;WD ;Normal;107500
1416;10880;Pave;Edwards;2fmCon;1Story;5;5;1950;1950;0,11;1164;8;2008;ConLD;Normal;125000
1417;9600;Pave;Edwards;1Fam;1.5Fin;6;5;1924;1950;0,06;572;4;2008;WD ;Normal;79000
1418;9084;Pave;Edwards;1Fam;1.5Fin;5;6;1941;1950;0,07;616;3;2008;ConLw;Normal;95000
1419;11839;Pave;SawyerW;1Fam;2Story;7;5;1990;1990;0,13;1532;5;2008;WD ;Normal;262280
1420;9771;Pave;SawyerW;1Fam;2Story;6;5;1995;2002;0,11;1093;6;2008;WD ;Normal;260000
1421;9938;Pave;SawyerW;1Fam;1Story;7;5;1994;1994;0,16;1626;4;2008;WD ;Normal;226500
1422;14171;Pave;SawyerW;1Fam;2Story;7;5;1993;1994;0,08;1101;12;2008;WD ;Normal;225000
1423;10541;Pave;SawyerW;1Fam;SLvl;7;5;1996;1996;0,12;1302;2;2008;WD ;Normal;229000
1424;10616;Pave;CollgCr;1Fam;2Story;7;5;2007;2007;0,06;628;3;2008;New;Partial;177439
1425;9345;Pave;CollgCr;1Fam;1Story;8;5;2007;2007;0,17;1615;5;2008;WD ;Normal;248500
1426;11778;Pave;CollgCr;1Fam;1Story;9;5;2008;2008;0,19;2276;6;2008;WD ;Abnorml;475000
1427;11778;Pave;CollgCr;1Fam;1Story;9;5;2008;2008;0,15;1766;12;2008;New;Partial;395039
1428;11228;Pave;SawyerW;1Fam;2Story;7;5;1993;1993;0,1;1080;12;2008;WD ;Normal;228000
1429;11454;Pave;SawyerW;1Fam;SLvl;8;5;1995;1995;0,13;1511;2;2008;WD ;Normal;225000
1430;11500;Pave;ClearCr;1Fam;1Story;6;6;1966;1966;0,14;1643;3;2008;WD ;Normal;195000
1431;12798;Pave;ClearCr;1Fam;2Story;6;5;1997;1997;0,05;616;5;2008;WD ;Normal;200000
1432;9750;Pave;CollgCr;1Fam;1Story;5;7;1994;1994;0,1;990;8;2008;WD ;Normal;155000
1433;9525;Pave;CollgCr;1Fam;1Story;5;6;1995;2006;0,12;1099;6;2008;WD ;Normal;144000
1434;9245;Pave;CollgCr;1Fam;1Story;5;5;1994;1995;0,11;990;2;2008;WD ;Normal;145000
1435;8696;Pave;CollgCr;1Fam;1Story;7;5;1997;1998;0,16;1418;5;2008;WD ;Normal;226001
1436;13142;Pave;CollgCr;1Fam;2Story;6;5;1997;1997;0,07;872;7;2008;WD ;Normal;215700
1437;8998;Pave;CollgCr;1Fam;2Story;7;5;2000;2000;0,09;782;6;2008;WD ;Normal;207500
1438;9179;Pave;CollgCr;1Fam;2Story;7;5;1999;1999;0,1;882;6;2008;WD ;Abnorml;193000
1439;8924;Pave;CollgCr;1Fam;2Story;7;5;1998;1999;0,1;880;7;2008;WD ;Normal;188000
1440;9382;Pave;CollgCr;1Fam;1Story;7;5;1999;2000;0,16;1479;7;2008;WD ;Normal;191000
1441;12803;Pave;CollgCr;1Fam;1Story;7;5;2002;2002;0,12;1494;9;2008;WD ;Normal;221000
1442;12435;Pave;CollgCr;1Fam;2Story;7;5;2001;2001;0,08;963;5;2008;WD ;Normal;231500
1443;12192;Pave;CollgCr;1Fam;2Story;7;5;2000;2001;0,08;928;5;2008;WD ;Normal;235000
1444;11250;Pave;CollgCr;1Fam;2Story;7;5;2001;2002;0,08;920;9;2008;WD ;Normal;223500
1445;9200;Pave;CollgCr;1Fam;1Story;5;6;1975;1980;0,1;938;7;2008;WD ;Normal;130250
1446;8385;Pave;CollgCr;1Fam;SLvl;5;8;1977;1977;0,12;985;11;2008;WD ;Normal;149900
1447;12250;Pave;CollgCr;1Fam;1Story;5;6;1978;1978;0,1;1174;5;2008;WD ;Normal;158000
1448;10970;Pave;CollgCr;1Fam;SLvl;6;6;1978;1978;0,09;1026;10;2008;WD ;Normal;147000
1449;9216;Pave;CollgCr;1Fam;1Story;5;6;1975;1975;0,12;1076;9;2008;WD ;Abnorml;143195
1450;14330;Pave;CollgCr;1Fam;1Story;5;6;1975;2001;0,11;1558;8;2008;WD ;Normal;163000
1451;7990;Pave;CollgCr;1Fam;1Story;5;6;1975;1975;0,12;924;4;2008;WD ;Normal;110000
1452;7180;Pave;CollgCr;1Fam;1Story;5;7;1972;1972;0,12;864;5;2008;WD ;Normal;127000
1453;7200;Pave;CollgCr;1Fam;1Story;5;7;1972;1972;0,11;780;1;2008;WD ;Normal;124900
1454;9742;Pave;CollgCr;1Fam;1Story;8;5;2002;2002;0,18;1795;9;2008;WD ;Normal;230000
1455;9473;Pave;CollgCr;1Fam;2Story;8;5;2002;2002;0,12;1128;3;2008;WD ;Normal;237000
1456;10316;Pave;CollgCr;1Fam;2Story;7;5;2000;2000;0,1;992;6;2008;WD ;Normal;235000
1457;10400;Pave;CollgCr;1Fam;2Story;7;5;2001;2001;0,12;1290;6;2008;WD ;Normal;230500
1458;9066;Pave;CollgCr;1Fam;2Story;8;5;1999;2000;0,11;1004;12;2008;WD ;Normal;230000
1459;11404;Pave;CollgCr;1Fam;2Story;7;5;1998;1999;0,1;1153;7;2008;WD ;Normal;222500
1460;9240;Pave;CollgCr;1Fam;2Story;8;5;2001;2002;0,11;1055;9;2008;WD ;Normal;287000
1461;9720;Pave;CollgCr;1Fam;2Story;9;5;2001;2002;0,14;1366;1;2008;WD ;Normal;274000
1462;14860;Pave;CollgCr;1Fam;1Story;8;5;2002;2003;0,12;1786;6;2008;WD ;Normal;300000
1463;11250;Pave;CollgCr;1Fam;2Story;8;5;2002;2002;0,1;1149;5;2008;WD ;Normal;255900
1464;8158;Pave;CollgCr;1Fam;2Story;7;5;2003;2003;0,11;884;7;2008;WD ;Normal;224900
1465;10905;Pave;CollgCr;1Fam;2Story;7;5;2003;2003;0,1;1129;8;2008;WD ;Normal;240000
1466;7226;Pave;CollgCr;1Fam;2Story;7;5;2003;2003;0,11;798;6;2008;WD ;Normal;183000
1467;11690;Pave;CollgCr;1Fam;2Story;8;5;1999;2000;0,08;886;6;2008;WD ;Normal;207000
1468;8750;Pave;CollgCr;1Fam;2Story;7;5;1994;1995;0,11;933;7;2008;WD ;Normal;210000
1469;4435;Pave;CollgCr;TwnhsE;1Story;6;5;2003;2003;0,19;848;3;2008;WD ;Normal;136500
1470;4426;Pave;CollgCr;TwnhsE;1Story;6;5;2004;2004;0,19;848;2;2008;WD ;Normal;145000
1471;13125;Pave;CollgCr;1Fam;1Story;6;5;1997;1998;0,11;1493;4;2008;WD ;Normal;208900
1472;10126;Pave;CollgCr;Duplex;SFoyer;6;5;1997;1998;0,18;1838;7;2008;WD ;Abnorml;185000
1473;9135;Pave;CollgCr;1Fam;1Story;7;5;2002;2003;0,17;1536;12;2008;WD ;Normal;214000
1474;8450;Pave;CollgCr;1Fam;2Story;7;5;2003;2003;0,1;856;2;2008;WD ;Normal;208500
1475;9750;Pave;CollgCr;1Fam;1Story;7;5;2004;2004;0,15;1445;6;2008;WD ;Normal;186500
1476;8450;Pave;CollgCr;1Fam;1Story;7;5;2004;2004;0,17;1436;4;2008;WD ;Normal;210000
1477;8320;Pave;CollgCr;1Fam;2Story;7;5;2004;2004;0,09;770;9;2008;WD ;Normal;185900
1478;11049;Pave;CollgCr;1Fam;1Story;8;5;2007;2007;0,11;1234;1;2008;WD ;Normal;179900
1479;11058;Pave;CollgCr;1Fam;1Story;7;6;2007;2007;0,14;1564;2;2008;WD ;Normal;218836
1480;9627;Pave;CollgCr;1Fam;1Story;7;5;2007;2007;0,14;1361;6;2008;WD ;Normal;193000
1481;8199;Pave;CollgCr;1Fam;2Story;7;5;2005;2005;0,09;728;10;2008;WD ;Normal;189000
1482;4426;Pave;CollgCr;TwnhsE;1Story;6;5;2004;2004;0,19;848;5;2008;WD ;Normal;149300
1483;4426;Pave;CollgCr;TwnhsE;1Story;6;5;2004;2004;0,19;848;5;2008;WD ;Normal;141000
1484;4438;Pave;CollgCr;TwnhsE;1Story;6;5;2004;2004;0,19;848;1;2008;WD ;Normal;149000
1485;4438;Pave;CollgCr;TwnhsE;1Story;6;5;2004;2004;0,19;848;6;2008;ConLD;Normal;144500
1486;8777;Pave;Edwards;1Fam;1Story;5;7;1910;1950;0,09;796;5;2008;WD ;Normal;85000
1487;8777;Pave;Edwards;Duplex;1.5Fin;5;7;1900;2003;0,14;1272;9;2008;WD ;Normal;145900
1488;9825;Pave;Edwards;1Fam;1Story;5;5;1966;1966;0,11;1092;4;2008;COD;Abnorml;123000
1489;9937;Pave;Edwards;1Fam;1Story;5;6;1965;1965;0,13;1256;6;2008;WD ;Normal;147500
1490;12102;Pave;Edwards;1Fam;SFoyer;5;5;1976;1976;0,09;1033;4;2008;WD ;Family;165000
1491;6500;Pave;Edwards;1Fam;1Story;6;6;1976;1976;0,17;1127;5;2008;WD ;Normal;135000
1492;13907;Pave;Edwards;1Fam;1Story;5;6;1940;1969;0,07;996;7;2008;WD ;Normal;108000
1493;10012;Pave;Edwards;1Fam;SFoyer;4;5;1972;1972;0,12;1181;4;2008;WD ;Normal;137500
1494;6931;Pave;Edwards;1Fam;2Story;7;5;2003;2004;0,11;760;7;2008;WD ;Normal;165400
1495;9638;Pave;Edwards;1Fam;SLvl;6;6;1977;1977;0,12;1117;11;2008;WD ;Normal;147000
1496;7200;Pave;Edwards;1Fam;2Story;6;7;1976;2001;0,1;684;2;2008;WD ;Normal;160500
1497;7024;Pave;Edwards;1Fam;1Story;4;5;2005;2005;0,16;1132;6;2008;WD ;Normal;176000
1498;47007;Pave;Edwards;1Fam;1Story;5;7;1959;1996;0,08;3820;7;2008;WD ;Normal;284700
1499;63887;Pave;Edwards;1Fam;2Story;10;5;2008;2008;0,07;4692;1;2008;New;Partial;160000
1500;3675;Pave;Edwards;TwnhsE;SLvl;6;5;2005;2005;0,29;1072;6;2008;WD ;Normal;148000
1501;6040;Pave;Edwards;Duplex;1Story;4;5;1955;1955;0,19;1152;6;2008;WD ;AdjLand;82000
1502;6012;Pave;Edwards;Duplex;1Story;4;5;1955;1955;0,19;1152;6;2008;WD ;AdjLand;82000
1503;12108;Pave;Edwards;Duplex;1Story;4;4;1955;1955;0,12;1440;9;2008;WD ;Normal;118000
1504;6845;Pave;Edwards;Duplex;1Story;4;5;1955;1955;0,17;1152;7;2008;WD ;Normal;82500
1505;6931;Pave;Edwards;2fmCon;1Story;4;5;1955;1955;0,11;784;5;2008;WD ;Normal;91900
1506;12180;Pave;Edwards;1Fam;1.5Fin;5;7;1938;2007;0,05;585;1;2008;WD ;Family;120000
1507;8050;Pave;Edwards;1Fam;1.5Fin;5;8;1947;1993;0,12;929;4;2008;WD ;Normal;96000
1508;9520;Pave;Edwards;1Fam;1Story;4;5;1953;1953;0,1;930;5;2008;WD ;Normal;99000
1509;11767;Pave;Edwards;1Fam;1.5Fin;5;6;1946;1995;0,07;768;5;2008;WD ;Normal;130500
1510;8172;Pave;Edwards;1Fam;1.5Fin;4;6;1954;1972;0,12;997;5;2008;WD ;Normal;135000
1511;16466;Pave;Edwards;1Fam;1.5Fin;5;7;1955;1955;0,05;872;4;2008;WD ;Normal;135500
1512;7692;Pave;Edwards;1Fam;SLvl;4;6;1954;1954;0,16;1204;11;2008;WD ;Abnorml;100000
1513;5142;Pave;Edwards;1Fam;1.5Fin;4;7;1923;2008;0,18;949;6;2008;WD ;Normal;108000
1514;5604;Pave;Edwards;1Fam;1Story;5;6;1925;1950;0,15;864;4;2008;WD ;Normal;98000
1515;8248;Pave;Edwards;1Fam;1Story;3;3;1914;1950;0,1;864;9;2008;WD ;Normal;67000
1516;5687;Pave;SWISU;2fmCon;2Story;5;6;1912;2000;0,16;936;3;2008;WD ;Normal;135900
1517;12155;Pave;SWISU;1Fam;2Story;6;8;1925;1950;0,07;810;3;2008;WD ;Normal;140000
1518;8400;Pave;SWISU;1Fam;2.5Fin;5;8;1939;1997;0,13;1052;7;2008;WD ;Normal;179500
1519;8400;Pave;SWISU;1Fam;1.5Fin;6;5;1925;1950;0,17;1390;6;2008;WD ;Normal;136500
1520;7290;Pave;SWISU;1Fam;1Story;7;8;1921;1950;0,2;1424;4;2008;WD ;Normal;168000
1521;8525;Pave;SWISU;1Fam;2Story;5;6;1911;1950;0,12;1024;11;2008;WD ;Abnorml;130000
1522;9842;Pave;SWISU;1Fam;2Story;5;6;1921;1998;0,1;990;5;2008;WD ;Normal;189000
1523;7804;Pave;SWISU;Duplex;2.5Unf;6;7;1930;1950;0,12;960;7;2008;WD ;Abnorml;161900
1524;8969;Pave;Crawfor;1Fam;2Story;6;6;1926;1950;0,07;672;7;2008;WD ;Normal;145000
1525;11526;Pave;Crawfor;1Fam;2.5Fin;6;7;1922;1994;0,12;1423;9;2008;WD ;Normal;191000
1526;15576;Pave;Crawfor;1Fam;2Story;6;7;1915;1976;0,05;840;3;2008;WD ;Normal;177000
1527;15564;Pave;Crawfor;1Fam;1.5Fin;6;6;1914;1995;0,04;676;1;2008;WD ;Normal;147500
1528;6292;Pave;SWISU;1Fam;1Story;6;5;1930;1950;0,13;790;4;2008;WD ;Normal;91000
1529;7609;Pave;Crawfor;1Fam;2Story;8;9;1925;1997;0,1;798;6;2008;WD ;Normal;231000
1530;10480;Pave;SWISU;1Fam;1.5Fin;6;5;1936;1950;0,11;1166;3;2008;WD ;Normal;115000
1531;9650;Pave;Crawfor;1Fam;2Story;6;3;1923;1950;0,08;819;6;2008;WD ;Normal;138000
1532;7200;Pave;Crawfor;1Fam;2Story;7;6;1931;2000;0,12;851;2;2008;WD ;Normal;149000
1533;11988;Pave;Crawfor;1Fam;2Story;6;7;1934;1995;0,07;849;8;2008;WD ;Normal;188700
1534;11700;Pave;Crawfor;1Fam;1.5Fin;5;6;1937;1995;0,11;1265;7;2008;WD ;Normal;198000
1535;9260;Pave;Crawfor;1Fam;1.5Fin;5;4;1938;1950;0,1;932;3;2008;WD ;Normal;110000
1536;7801;Pave;Crawfor;1Fam;1Story;6;5;1951;1951;0,14;1091;5;2008;WD ;Normal;104000
1537;9670;Pave;Crawfor;1Fam;2Story;8;6;1935;1950;0,1;983;6;2008;WD ;Alloca;257076
1538;14100;Pave;Crawfor;1Fam;1.5Fin;8;9;1935;1997;0,14;1968;5;2008;WD ;Normal;381000
1539;15660;Pave;Crawfor;1Fam;1.5Fin;7;9;1939;2006;0,07;1137;5;2008;WD ;Normal;311500
1540;12392;Pave;Crawfor;1Fam;1.5Fin;7;9;1950;2000;0,1;1218;4;2008;WD ;Normal;263400
1541;26073;Pave;Crawfor;1Fam;1Story;5;5;1956;1956;0,07;1898;4;2008;WD ;Normal;236500
1542;14778;Pave;Crawfor;1Fam;1Story;6;7;1954;2006;0,11;1640;11;2008;WD ;Normal;224000
1543;1879;Pave;Blueste;Twnhs;2Story;6;6;1980;1980;0,27;516;12;2008;WD ;Normal;116500
1544;1950;Pave;Blueste;Twnhs;2Story;6;6;1980;1980;0,37;716;7;2008;COD;Normal;151000
1545;7000;Pave;IDOTRR;1Fam;1Story;6;8;1926;1998;0,13;919;7;2008;WD ;Normal;126000
1546;6000;Pave;IDOTRR;1Fam;1.5Fin;6;8;1940;2006;0,13;760;7;2008;WD ;Normal;120000
1547;3636;Pave;IDOTRR;1Fam;1Story;4;4;1922;1950;0,22;796;1;2008;WD ;Normal;55000
1548;5890;Pave;IDOTRR;1Fam;1Story;6;8;1930;2007;0,14;816;6;2008;WD ;Normal;120500
1549;6900;Pave;IDOTRR;1Fam;1Story;5;6;1940;1955;0,11;778;2;2008;WD ;Normal;120500
1550;8155;Pave;IDOTRR;1Fam;1.5Fin;5;7;1930;1950;0,1;780;7;2008;WD ;Normal;119000
1551;6000;Pave;IDOTRR;1Fam;SLvl;5;5;1967;1967;0,18;1092;7;2008;WD ;Normal;126000
1552;7392;Pave;IDOTRR;1Fam;1Story;5;7;1930;1995;0,12;912;5;2008;WD ;Normal;99500
1553;9000;Pave;IDOTRR;1Fam;1.5Fin;5;5;1958;1958;0,13;1151;1;2008;WD ;Normal;165500
1554;14584;Pave;IDOTRR;1Fam;1Story;1;5;1952;1952;0,05;733;2;2008;WD ;Abnorml;13100
1555;5280;Pave;IDOTRR;1Fam;2Story;4;7;1895;1950;0,16;825;7;2008;WD ;Normal;89000
1556;8500;Pave;IDOTRR;1Fam;2Story;4;4;1920;1950;0,08;649;7;2008;WD ;Normal;40000
1557;5150;Pave;IDOTRR;1Fam;1.5Fin;4;7;1910;2000;0,13;671;5;2008;WD ;Normal;80900
1558;18000;Grvl;IDOTRR;1Fam;1Story;3;4;1935;1950;0,05;894;8;2008;ConLD;Normal;81000
1559;9000;Grvl;IDOTRR;1Fam;2Story;4;6;1920;1950;0,05;432;6;2008;WD ;Normal;65000
1560;5587;Pave;Crawfor;TwnhsE;1Story;8;5;2008;2008;0,3;1652;11;2008;New;Partial;392500
1561;3843;Pave;Crawfor;TwnhsE;1Story;8;5;2007;2008;0,43;1648;8;2008;New;Partial;294464
1562;3811;Pave;Crawfor;TwnhsE;1Story;7;5;2004;2005;0,43;1646;7;2008;WD ;Normal;250000
1563;3842;Pave;Crawfor;TwnhsE;1Story;8;5;2004;2005;0,43;1646;1;2008;WD ;Normal;275000
1564;23730;Pave;Mitchel;1Fam;1Story;7;5;1996;1997;0,09;2032;9;2008;WD ;Normal;300000
1565;13265;Pave;Mitchel;1Fam;1Story;8;5;2002;2002;0,13;1689;7;2008;WD ;Normal;271000
1566;11050;Pave;Mitchel;1Fam;2Story;7;5;1996;1997;0,08;910;9;2008;WD ;Normal;213000
1567;9880;Pave;Mitchel;1Fam;SLvl;6;6;1977;1977;0,11;1118;7;2008;WD ;Normal;171000
1568;10125;Pave;Mitchel;1Fam;1Story;6;6;1977;1977;0,13;1279;2;2008;WD ;Normal;171500
1569;10260;Pave;Mitchel;Duplex;2Story;5;4;1976;1976;0,09;936;11;2008;WD ;Abnorml;100000
1570;9990;Pave;Mitchel;1Fam;1Story;4;5;1991;1991;0,17;1689;7;2008;WD ;Normal;228500
1571;164660;Grvl;Timber;2fmCon;1.5Fin;5;6;1965;1965;0,01;1619;8;2008;WD ;Normal;228950
1572;4084;Pave;Timber;TwnhsE;1Story;7;6;1986;1986;0,37;1501;7;2008;WD ;Normal;241500
1573;15498;Pave;Timber;1Fam;1Story;8;6;1976;1976;0,19;2898;5;2008;COD;Abnorml;287000
1574;11563;Pave;Timber;1Fam;1Story;8;5;2006;2007;0,13;1537;4;2008;WD ;Normal;294000
1575;9520;Pave;Timber;1Fam;1Story;8;5;2007;2008;0,17;1646;4;2008;New;Partial;293077
1576;12852;Pave;Timber;1Fam;2Story;8;5;2007;2007;0,07;920;1;2008;New;Partial;264966
1577;9802;Pave;Timber;1Fam;SLvl;5;5;2006;2007;0,07;712;4;2008;WD ;Normal;172500
1578;9735;Pave;Timber;1Fam;SLvl;5;5;2006;2007;0,08;754;5;2008;WD ;Normal;167500
1579;12018;Pave;Timber;1Fam;2Story;7;5;2008;2008;0,07;796;10;2008;New;Partial;218689
1580;12890;Pave;Timber;1Fam;1Story;6;5;1989;1989;0,12;1495;7;2008;WD ;Normal;150000
1581;12416;Pave;Timber;1Fam;1Story;6;5;1986;1986;0,13;1651;11;2008;WD ;Normal;184000
1582;18265;Pave;Timber;1Fam;1Story;6;5;1986;1986;0,07;1256;3;2008;WD ;Normal;180000
1583;10200;Pave;Timber;1Fam;SLvl;6;5;1988;1989;0,15;1509;8;2008;WD ;Abnorml;175000
1584;11202;Pave;Timber;1Fam;1Story;8;5;2003;2003;0,13;1440;6;2008;WD ;Normal;232500
1585;7915;Pave;Timber;1Fam;1Story;6;5;1999;2000;0,21;1675;12;2008;WD ;Normal;195000
1586;12244;Pave;Timber;1Fam;2Story;8;5;2003;2003;0,12;1482;8;2008;WD ;Normal;305000
1587;11449;Pave;Timber;1Fam;1Story;8;5;2007;2007;0,15;1728;1;2008;WD ;Normal;298751
1588;11447;Pave;Timber;1Fam;1Story;8;5;2005;2006;0,17;1964;6;2008;WD ;Normal;370000
1589;8940;Pave;Mitchel;Duplex;SFoyer;7;5;1997;1998;0,15;1344;11;2008;WD ;Alloca;209200
1590;7060;Pave;Mitchel;Duplex;SFoyer;7;5;1997;1998;0,19;1344;11;2008;WD ;Alloca;206300
1591;9278;Pave;Mitchel;1Fam;1Story;5;5;2007;2008;0,12;1092;2;2008;WD ;Abnorml;146000
1592;4500;Pave;Mitchel;TwnhsE;1Story;6;5;1997;1997;0,26;1189;4;2008;WD ;Normal;160500
1593;14137;Pave;Mitchel;1Fam;SFoyer;4;5;1964;1964;0,08;1200;11;2008;ConLD;Normal;173000
1594;4224;Pave;MeadowV;TwnhsE;1Story;5;6;1975;1975;0,25;1040;6;2008;WD ;Normal;124000
1595;2665;Pave;MeadowV;TwnhsE;2Story;5;6;1976;1976;0,23;616;6;2008;WD ;Normal;115000
1596;2665;Pave;MeadowV;TwnhsE;2Story;5;7;1976;1976;0,35;925;5;2008;WD ;Normal;129500
1597;1974;Pave;MeadowV;Twnhs;SFoyer;4;7;1973;2006;0,27;526;6;2008;WD ;Normal;105000
1598;1596;Pave;MeadowV;Twnhs;SLvl;4;6;1973;1973;0,33;526;7;2008;WD ;Normal;94900
1599;17979;Pave;Mitchel;1Fam;1Story;5;6;1968;1968;0,06;1160;2;2008;WD ;Normal;152500
1600;1477;Pave;MeadowV;Twnhs;2Story;6;9;1970;2007;0,37;546;3;2008;WD ;Normal;98000
1601;1890;Pave;MeadowV;Twnhs;SFoyer;4;7;1972;1972;0,33;630;6;2008;WD ;Normal;81000
1602;21750;Pave;Mitchel;1Fam;1Story;5;5;1954;1954;0,05;988;2;2008;WD ;Normal;113000
1603;6490;Pave;Mitchel;1Fam;1Story;5;7;1983;1983;0,13;816;4;2008;WD ;Normal;128500
1604;6951;Pave;Mitchel;1Fam;1Story;5;5;1984;1985;0,13;923;10;2008;WD ;Normal;119500
1605;6600;Pave;Mitchel;1Fam;1Story;5;9;1982;2008;0,12;816;10;2008;WD ;Normal;130500
1606;6600;Pave;Mitchel;1Fam;1Story;5;8;1982;2003;0,12;816;6;2008;WD ;Normal;138000
1607;6600;Pave;Mitchel;1Fam;1Story;5;6;1982;2005;0,13;845;7;2008;WD ;Normal;134500
1608;12508;Pave;Mitchel;1Fam;1.5Fin;6;7;1940;1985;0,08;983;7;2008;WD ;Normal;160000
1609;12395;Pave;Mitchel;1Fam;1Story;5;6;1984;1984;0,07;889;4;2008;WD ;Normal;137500
1610;11075;Pave;Mitchel;1Fam;2Story;5;4;1969;1969;0,11;1168;9;2008;WD ;Normal;172000
1611;56600;Pave;IDOTRR;1Fam;2.5Unf;5;1;1900;1950;0,02;1150;1;2008;WD ;Normal;103000
1612;10667;Pave;NAmes;1Fam;1Story;6;6;1971;1971;0,15;1587;3;2007;WD ;Normal;167300
1613;10628;Pave;NAmes;1Fam;1Story;7;5;1970;1970;0,12;1277;4;2007;WD ;Normal;167000
1614;13651;Pave;NAmes;1Fam;1Story;7;6;1973;1973;0,16;2223;2;2007;WD ;Normal;244000
1615;15865;Pave;NAmes;1Fam;1Story;8;6;1970;1970;0,14;2217;10;2007;WD ;Normal;268000
1616;12394;Pave;Gilbert;1Fam;2Story;7;5;2003;2003;0,07;847;10;2007;WD ;Family;225000
1617;10364;Pave;Gilbert;1Fam;2Story;6;5;1995;1996;0,08;806;5;2007;WD ;Normal;168000
1618;13869;Pave;Gilbert;1Fam;2Story;6;6;1997;1997;0,06;794;7;2007;WD ;Normal;177000
1619;8773;Pave;Gilbert;1Fam;2Story;6;5;1997;1997;0,1;916;8;2007;WD ;Normal;169000
1620;8872;Pave;Gilbert;1Fam;SLvl;6;5;1997;1997;0,08;754;3;2007;WD ;Normal;161500
1621;5330;Pave;StoneBr;TwnhsE;1Story;8;5;2000;2000;0,31;1652;8;2007;WD ;Normal;251000
1622;10147;Pave;Gilbert;1Fam;SLvl;6;5;1994;1994;0,09;924;3;2007;WD ;Normal;160000
1623;8637;Pave;Gilbert;1Fam;2Story;6;5;1999;2000;0,11;947;4;2007;WD ;Abnorml;180000
1624;7875;Pave;Gilbert;1Fam;2Story;7;5;1996;1996;0,09;691;8;2007;WD ;Normal;178750
1625;7875;Pave;Gilbert;1Fam;1Story;7;5;1995;1996;0,16;1253;6;2007;WD ;Normal;176000
1626;7500;Pave;Gilbert;1Fam;2Story;6;5;1999;2003;0,13;957;8;2007;WD ;Normal;204000
1627;9556;Pave;Gilbert;1Fam;1Story;7;5;1992;1993;0,12;1187;8;2007;WD ;Normal;160000
1628;10784;Pave;Gilbert;1Fam;SLvl;7;5;1991;1992;0,07;802;5;2007;WD ;Normal;160000
1629;9125;Pave;Gilbert;1Fam;SLvl;7;5;1992;1992;0,09;812;7;2007;WD ;Normal;163900
1630;7655;Pave;Gilbert;1Fam;2Story;6;5;1993;1994;0,12;910;7;2007;WD ;Normal;168000
1631;18160;Grvl;Gilbert;1Fam;1Story;6;6;1964;1964;0,06;1128;3;2007;WD ;Alloca;154204
1632;3696;Pave;StoneBr;TwnhsE;1Story;8;5;1986;1986;0,29;1088;10;2007;WD ;Normal;170000
1633;5062;Pave;StoneBr;TwnhsE;2Story;7;5;1984;1984;0,24;1190;9;2007;WD ;Normal;207500
1634;4740;Pave;StoneBr;TwnhsE;1Story;8;5;1988;1988;0,25;1179;10;2007;WD ;Normal;182000
1635;5118;Pave;StoneBr;TwnhsE;1Story;8;5;1990;1990;0,26;1321;8;2007;WD ;Normal;212000
1636;14157;Pave;StoneBr;1Fam;1Story;9;5;2005;2006;0,14;1922;7;2007;WD ;Normal;377426
1637;12328;Pave;StoneBr;1Fam;2Story;8;5;2005;2005;0,09;1164;7;2007;WD ;Normal;349265
1638;51974;Pave;StoneBr;1Fam;1Story;9;5;2006;2007;0,04;2338;6;2007;New;Partial;591587
1639;41600;Pave;Gilbert;2fmCon;1Story;5;5;1969;1990;0,03;1424;11;2007;WD ;Normal;155000
1640;8035;Pave;StoneBr;TwnhsE;1Story;9;5;2006;2006;0,2;1612;3;2007;WD ;Normal;319900
1641;8089;Pave;StoneBr;1Fam;1Story;8;6;2007;2007;0,18;1419;10;2007;New;Partial;392000
1642;14082;Pave;StoneBr;1Fam;1Story;8;5;2006;2006;0,16;2234;1;2007;WD ;Normal;441929
1643;13870;Pave;StoneBr;1Fam;1Story;10;5;2006;2007;0,15;2042;10;2007;New;Partial;455000
1644;12546;Pave;NWAmes;1Fam;1Story;6;7;1981;1981;0,11;1440;4;2007;WD ;Normal;182900
1645;10960;Pave;NWAmes;1Fam;1Story;6;5;1984;1984;0,12;1284;4;2007;COD;Abnorml;174000
1646;12090;Pave;NWAmes;1Fam;SLvl;6;7;1984;2003;0,09;1140;1;2007;WD ;Abnorml;178000
1647;12090;Pave;NWAmes;1Fam;2Story;7;7;1981;2003;0,06;725;3;2007;WD ;Normal;176000
1648;12299;Pave;NWAmes;1Fam;1Story;7;6;1978;1985;0,14;1664;9;2007;WD ;Normal;213000
1649;11339;Pave;NWAmes;1Fam;2Story;7;5;1979;1979;0,1;1085;3;2007;WD ;Normal;192000
1650;11952;Pave;NWAmes;1Fam;2Story;7;6;1977;1977;0,1;1161;11;2007;WD ;Normal;190000
1651;12046;Pave;NWAmes;1Fam;2Story;6;6;1976;1976;0,09;1118;6;2007;WD ;Normal;195000
1652;10395;Pave;NWAmes;1Fam;SLvl;6;6;1978;1978;0,1;1032;7;2007;WD ;Normal;148000
1653;11850;Pave;NWAmes;1Fam;1Story;6;6;1984;1984;0,1;1177;8;2007;WD ;Normal;151500
1654;11584;Pave;NWAmes;1Fam;SLvl;7;6;1979;1979;0,09;1040;11;2007;WD ;Normal;197000
1655;10400;Pave;NWAmes;1Fam;1Story;6;5;1979;1999;0,13;1353;8;2007;WD ;Normal;192350
1656;10793;Pave;NWAmes;1Fam;2Story;5;5;1969;1969;0,07;780;4;2007;WD ;Normal;152000
1657;13001;Pave;NWAmes;1Fam;1Story;6;5;1971;1971;0,09;1220;9;2007;WD ;Normal;170000
1658;12243;Pave;NWAmes;1Fam;1Story;5;6;1971;1971;0,12;1484;2;2007;WD ;Normal;175000
1659;11700;Pave;NWAmes;1Fam;2Story;6;6;1968;1968;0,09;1041;6;2007;WD ;Normal;175000
1660;12384;Pave;NWAmes;1Fam;2Story;7;7;1976;1976;0,09;1142;11;2007;WD ;Normal;197900
1661;8991;Pave;NWAmes;1Fam;SLvl;7;6;1976;1976;0,15;1324;2;2007;WD ;Normal;174000
1662;8000;Pave;NWAmes;1Fam;2Story;6;6;1974;1974;0,14;1084;11;2007;WD ;Normal;178900
1663;10500;Pave;NAmes;1Fam;SLvl;5;7;1971;2005;0,05;576;12;2007;WD ;Normal;139000
1664;10530;Pave;NAmes;1Fam;1Story;6;5;1971;1971;0,09;981;3;2007;WD ;Normal;143250
1665;7472;Pave;NAmes;1Fam;2Story;7;9;1972;2004;0,1;725;6;2007;WD ;Normal;184000
1666;9457;Pave;NAmes;1Fam;1Story;5;6;1970;1990;0,15;1422;9;2007;WD ;Normal;155000
1667;7920;Pave;NAmes;1Fam;1Story;5;5;1970;2002;0,12;914;10;2007;WD ;Normal;133000
1668;9758;Pave;NAmes;1Fam;1Story;5;5;1971;1971;0,1;950;7;2007;WD ;Normal;119500
1669;8294;Pave;NAmes;1Fam;1Story;4;5;1971;1971;0,11;872;6;2007;WD ;Normal;123000
1670;7340;Pave;NAmes;1Fam;1Story;4;6;1971;1971;0,12;858;6;2007;WD ;Normal;110000
1671;17199;Pave;NAmes;1Fam;1Story;4;7;1961;1961;0,05;914;7;2007;WD ;Normal;128000
1672;9000;Pave;NAmes;1Fam;1Story;4;6;1971;1971;0,1;864;5;2007;WD ;Normal;120500
1673;4058;Pave;NAmes;TwnhsE;SFoyer;7;5;1998;1998;0,19;767;6;2007;WD ;Normal;133000
1674;4113;Pave;NAmes;TwnhsE;1Story;6;5;2001;2001;0,33;1337;7;2007;WD ;Normal;155000
1675;10943;Pave;NAmes;TwnhsE;1Story;6;5;1997;1998;0,12;1337;10;2007;WD ;Normal;177000
1676;2205;Pave;BrDale;Twnhs;2Story;6;6;1973;1973;0,24;525;2;2007;WD ;Normal;113500
1677;1890;Pave;BrDale;Twnhs;2Story;6;5;1973;1973;0,36;672;5;2007;WD ;Normal;113000
1678;2058;Pave;BrDale;Twnhs;2Story;6;5;1973;1973;0,33;672;12;2007;WD ;Normal;113700
1679;2016;Pave;BrDale;TwnhsE;2Story;5;5;1970;1970;0,31;630;4;2007;WD ;Normal;106000
1680;1920;Pave;BrDale;TwnhsE;2Story;5;5;1971;1971;0,4;765;8;2007;WD ;Normal;122500
1681;4928;Pave;NPkVill;TwnhsE;1Story;6;5;1976;1976;0,19;958;2;2007;WD ;Normal;128000
1682;2308;Pave;NPkVill;TwnhsE;2Story;6;6;1976;1976;0,35;804;7;2007;WD ;Normal;155000
1683;2304;Pave;NPkVill;Twnhs;1Story;7;7;1978;1978;0,46;1055;4;2007;WD ;Normal;142500
1684;7150;Pave;NAmes;1Fam;1Story;5;6;1966;1966;0,14;988;11;2007;WD ;Normal;129250
1685;12469;Pave;NridgHt;1Fam;1Story;9;5;2006;2007;0,15;1816;8;2007;New;Partial;356000
1686;11694;Pave;NridgHt;1Fam;1Story;9;5;2007;2007;0,16;1828;7;2007;New;Partial;314813
1687;12030;Pave;NridgHt;1Fam;1Story;8;5;2007;2007;0,14;1694;12;2007;New;Partial;318000
1688;11825;Pave;NridgHt;1Fam;1Story;8;5;2006;2007;0,14;1694;6;2007;New;Partial;322400
1689;12085;Pave;NridgHt;1Fam;1Story;8;5;2007;2007;0,14;1734;11;2007;New;Partial;318000
1690;14333;Pave;NridgHt;1Fam;1Story;8;5;2007;2007;0,15;2122;11;2007;New;Partial;345474
1691;14450;Pave;NridgHt;1Fam;1Story;9;5;2006;2007;0,15;2121;5;2007;New;Partial;415298
1692;13641;Pave;NridgHt;1Fam;2Story;9;5;2007;2007;0,14;1943;12;2007;New;Partial;492000
1693;13440;Pave;NridgHt;1Fam;2Story;8;5;2006;2007;0,09;1148;3;2007;New;Partial;338931
1694;15431;Pave;NridgHt;1Fam;1Story;10;5;2005;2006;0,13;2046;8;2007;WD ;Normal;450000
1695;14154;Pave;NridgHt;1Fam;2Story;7;5;2006;2006;0,08;1071;8;2007;New;Partial;280000
1696;13891;Pave;NridgHt;1Fam;1Story;9;5;2007;2007;0,18;2552;10;2007;New;Partial;479069
1697;14226;Pave;NridgHt;1Fam;1Story;8;5;2006;2006;0,14;1973;7;2007;New;Partial;395000
1698;13693;Pave;NridgHt;1Fam;2Story;9;5;2006;2006;0,15;2069;3;2007;WD ;Normal;380000
1699;11428;Pave;NridgHt;1Fam;1Story;8;5;2006;2006;0,14;1634;5;2007;WD ;Normal;250000
1700;14977;Pave;NridgHt;1Fam;1Story;8;5;2006;2007;0,13;1976;7;2007;New;Partial;440000
1701;13654;Pave;NridgHt;1Fam;2Story;9;5;2005;2006;0,13;1722;5;2007;WD ;Normal;418000
1702;17169;Pave;NridgHt;1Fam;1Story;10;5;2007;2007;0,13;2290;8;2007;New;Partial;500067
1703;16659;Pave;NridgHt;1Fam;2Story;8;5;2007;2008;0,09;1582;6;2007;New;Partial;260116
1704;9591;Pave;NridgHt;1Fam;2Story;8;5;2004;2005;0,12;1143;10;2007;WD ;Normal;317000
1705;9709;Pave;NridgHt;1Fam;2Story;8;5;2007;2007;0,1;958;9;2007;New;Partial;319500
1706;10562;Pave;NridgHt;1Fam;2Story;8;5;2007;2007;0,15;1610;11;2007;New;Partial;325624
1707;13615;Pave;NridgHt;1Fam;1Story;9;5;2006;2006;0,13;1802;6;2007;WD ;Normal;372000
1708;13069;Pave;NridgHt;1Fam;2Story;8;5;2004;2004;0,13;1718;8;2007;WD ;Normal;342000
1709;12099;Pave;NridgHt;1Fam;2Story;8;5;2004;2004;0,09;1136;6;2007;WD ;Normal;354000
1710;14277;Pave;NridgHt;1Fam;2Story;8;5;2003;2003;0,09;1217;1;2007;WD ;Normal;350000
1711;11999;Pave;NridgHt;1Fam;2Story;8;5;2003;2004;0,1;1234;5;2007;WD ;Normal;285000
1712;12568;Pave;NridgHt;1Fam;2Story;8;5;2007;2007;0,07;895;8;2007;New;Partial;281500
1713;9926;Pave;NridgHt;1Fam;1Story;7;5;2005;2006;0,16;1614;5;2007;WD ;Normal;245700
1714;9254;Pave;NridgHt;1Fam;1Story;8;5;2005;2005;0,19;1721;1;2007;WD ;Normal;232698
1715;10732;Pave;NridgHt;1Fam;2Story;8;5;2006;2007;0,12;1298;2;2007;New;Partial;250000
1716;7577;Pave;NridgHt;TwnhsE;1Story;6;5;2005;2006;0,18;1362;6;2007;WD ;Normal;194700
1717;3901;Pave;NridgHt;Twnhs;1Story;6;5;2005;2006;0,33;1302;8;2007;New;Partial;204000
1718;3903;Pave;NridgHt;Twnhs;1Story;6;5;2005;2006;0,33;1302;5;2007;WD ;Normal;200000
1719;6289;Pave;NridgHt;TwnhsE;1Story;6;5;2005;2006;0,22;1362;6;2007;WD ;Normal;207000
1720;4590;Pave;NridgHt;Twnhs;1Story;8;5;2006;2006;0,34;1554;8;2007;WD ;Normal;209500
1721;4590;Pave;NridgHt;Twnhs;1Story;8;5;2006;2006;0,34;1554;5;2007;CWD;Normal;209500
1722;6442;Pave;NridgHt;TwnhsE;1Story;8;5;2006;2006;0,21;1370;10;2007;WD ;Normal;202500
1723;7841;Pave;NridgHt;TwnhsE;1Story;9;5;2005;2005;0,2;1577;5;2007;WD ;Normal;280000
1724;7313;Pave;NridgHt;TwnhsE;1Story;9;5;2005;2005;0,21;1561;8;2007;WD ;Normal;277500
1725;7820;Pave;NridgHt;TwnhsE;1Story;9;5;2007;2007;0,24;1869;12;2007;New;Partial;318061
1726;6240;Pave;NridgHt;TwnhsE;1Story;8;5;2006;2006;0,21;1324;9;2007;New;Partial;221370
1727;3242;Pave;NridgHt;TwnhsE;1Story;7;5;2003;2003;0,43;1405;3;2007;WD ;Normal;200000
1728;15810;Pave;Gilbert;1Fam;2Story;6;5;2007;2007;0,05;768;5;2007;New;Partial;181755
1729;10237;Pave;Gilbert;1Fam;2Story;6;5;2005;2006;0,08;768;6;2007;WD ;Normal;176000
1730;10237;Pave;Gilbert;1Fam;2Story;6;5;2005;2007;0,08;783;7;2007;New;Partial;178900
1731;13204;Pave;Gilbert;1Fam;2Story;7;5;2006;2007;0,05;608;5;2007;New;Partial;168165
1732;8857;Pave;Gilbert;1Fam;2Story;6;5;2006;2006;0,08;738;3;2007;New;Partial;171925
1733;9729;Pave;Gilbert;1Fam;2Story;6;5;2006;2007;0,07;698;6;2007;New;Partial;198444
1734;12216;Pave;Gilbert;1Fam;1Story;6;5;2005;2005;0,11;1326;6;2007;WD ;Normal;203000
1735;9018;Pave;Gilbert;1Fam;2Story;7;5;2007;2007;0,08;728;7;2007;New;Partial;179540
1736;8993;Pave;Gilbert;1Fam;1Story;7;5;2007;2007;0,14;1302;8;2007;New;Partial;176485
1737;8899;Pave;Gilbert;1Fam;1Story;7;5;2007;2007;0,15;1340;8;2007;New;Partial;181134
1738;8499;Pave;Gilbert;1Fam;2Story;6;5;2006;2007;0,07;616;3;2007;New;Partial;156932
1739;8229;Pave;Gilbert;1Fam;2Story;6;5;2007;2007;0,09;752;12;2007;New;Partial;166000
1740;7713;Pave;Gilbert;1Fam;2Story;7;5;2007;2007;0,09;728;7;2007;New;Partial;177594
1741;7697;Pave;Gilbert;1Fam;1Story;7;6;2007;2007;0,16;1258;8;2007;New;Partial;173500
1742;3922;Pave;Blmngtn;TwnhsE;1Story;7;5;2006;2007;0,32;1258;6;2007;New;Partial;172500
1743;3922;Pave;Blmngtn;TwnhsE;1Story;7;5;2006;2007;0,36;1402;2;2007;New;Partial;194201
1744;3621;Pave;Blmngtn;TwnhsE;1Story;8;5;2003;2003;0,44;1589;11;2007;WD ;Normal;226500
1745;3710;Pave;Blmngtn;1Fam;1Story;7;5;2007;2007;0,34;1266;8;2007;New;Partial;185485
1746;14572;Pave;Gilbert;1Fam;1Story;7;5;2004;2004;0,1;1530;11;2007;WD ;Family;259000
1747;16219;Pave;Gilbert;1Fam;SLvl;7;5;2004;2005;0,07;1119;4;2007;WD ;Normal;188500
1748;11084;Pave;Gilbert;1Fam;SLvl;7;5;2004;2004;0,07;744;6;2007;WD ;Family;175000
1749;11796;Pave;Gilbert;1Fam;2Story;7;5;2004;2005;0,07;847;7;2007;WD ;Normal;215000
1750;10936;Pave;Gilbert;1Fam;1Story;7;5;2006;2006;0,14;1525;4;2007;New;Partial;206580
1751;8244;Pave;Gilbert;1Fam;2Story;7;5;2004;2004;0,1;840;5;2007;WD ;Normal;183500
1752;11950;Pave;Gilbert;1Fam;SLvl;7;5;2003;2003;0,06;754;10;2007;WD ;Normal;165500
1753;7875;Pave;Gilbert;1Fam;2Story;7;5;2003;2003;0,11;847;7;2007;WD ;Normal;211000
1754;8063;Pave;Gilbert;1Fam;2Story;6;5;2000;2000;0,12;948;11;2007;WD ;Abnorml;181000
1755;8740;Pave;Gilbert;1Fam;2Story;7;5;2002;2002;0,1;864;7;2007;WD ;Normal;219500
1756;7917;Pave;Gilbert;1Fam;2Story;6;5;1999;2000;0,12;953;8;2007;WD ;Normal;175000
1757;9967;Pave;Gilbert;1Fam;SLvl;7;5;2000;2000;0,08;774;12;2007;WD ;Normal;170000
1758;7750;Pave;Gilbert;1Fam;2Story;7;5;2003;2003;0,09;660;8;2007;WD ;Normal;162000
1759;9487;Pave;Gilbert;1Fam;2Story;6;5;2000;2000;0,1;940;6;2007;WD ;Normal;187000
1760;9649;Pave;Gilbert;1Fam;2Story;6;5;1999;2000;0,1;961;5;2007;WD ;Normal;185000
1761;15623;Pave;NoRidge;1Fam;2Story;10;5;1996;1996;0,15;2411;7;2007;WD ;Abnorml;745000
1762;12191;Pave;NoRidge;1Fam;2Story;8;5;1997;1998;0,15;1779;6;2007;WD ;Normal;384500
1763;11000;Pave;NoRidge;1Fam;2Story;8;5;2000;2000;0,09;997;6;2007;WD ;Normal;248000
1764;11400;Pave;NoRidge;1Fam;1Story;10;5;2001;2002;0,23;2633;3;2007;WD ;Normal;466500
1765;10557;Pave;NoRidge;1Fam;2Story;9;5;1998;1998;0,16;1671;7;2007;WD ;Normal;410000
1766;11002;Pave;NoRidge;1Fam;2Story;8;5;1998;1999;0,13;1411;1;2007;WD ;Normal;322500
1767;10790;Pave;NoRidge;1Fam;2Story;7;5;1998;1998;0,1;1108;5;2007;WD ;Normal;252000
1768;21535;Pave;NoRidge;1Fam;2Story;10;6;1994;1995;0,11;2444;1;2007;WD ;Normal;755000
1769;9920;Pave;NoRidge;1Fam;2Story;7;5;1996;1997;0,11;1127;6;2007;WD ;Normal;269790
1770;11787;Pave;NoRidge;1Fam;2Story;7;5;1996;1997;0,12;1383;8;2007;WD ;Normal;315750
1771;9950;Pave;NoRidge;1Fam;2Story;7;5;1995;1995;0,12;1214;6;2007;WD ;Abnorml;290000
1772;12257;Pave;NoRidge;1Fam;2Story;8;5;1995;1995;0,11;1328;11;2007;WD ;Normal;290000
1773;12692;Pave;NoRidge;1Fam;1Story;8;5;1992;1993;0,25;3228;5;2007;WD ;Normal;430000
1774;11762;Pave;NoRidge;1Fam;2Story;8;5;1992;1993;0,09;1105;9;2007;WD ;Normal;263000
1775;9044;Pave;NoRidge;1Fam;2Story;8;5;1996;1997;0,15;1335;5;2007;WD ;Normal;330000
1776;9910;Pave;Somerst;1Fam;1Story;7;6;2007;2007;0,14;1369;9;2007;New;Partial;213133
1777;11830;Pave;Somerst;1Fam;1Story;8;5;2007;2007;0,13;1542;7;2007;New;Partial;260261
1778;11670;Pave;Somerst;1Fam;1Story;9;5;2006;2006;0,16;1905;3;2007;WD ;Normal;320000
1779;15256;Pave;Somerst;1Fam;1Story;8;5;2007;2007;0,1;1464;8;2007;WD ;Normal;282922
1780;10612;Pave;Somerst;1Fam;1Story;8;5;2006;2006;0,14;1534;1;2007;WD ;Family;215000
1781;12291;Pave;Somerst;1Fam;1Story;10;5;2007;2007;0,16;1966;10;2007;New;Partial;419005
1782;13501;Pave;Somerst;1Fam;1Story;8;5;2006;2006;0,12;1636;6;2007;WD ;Normal;255000
1783;9986;Pave;Somerst;1Fam;1Story;8;5;2006;2007;0,18;1795;2;2007;New;Partial;147000
1784;9965;Pave;Somerst;1Fam;1Story;7;5;2007;2007;0,15;1528;9;2007;New;Partial;235876
1785;9416;Pave;Somerst;1Fam;1Story;7;5;2007;2007;0,18;1726;9;2007;New;Partial;311872
1786;9849;Pave;Somerst;1Fam;1Story;7;6;2007;2007;0,17;1689;6;2007;New;Partial;248328
1787;10000;Pave;Somerst;1Fam;1Story;8;5;2006;2006;0,16;1588;12;2007;WD ;Normal;227000
1788;8847;Pave;Somerst;1Fam;1Story;8;5;2005;2005;0,17;1538;12;2007;WD ;Normal;260000
1789;9158;Pave;Somerst;1Fam;1Story;8;5;2007;2007;0,16;1496;6;2007;New;Partial;225000
1790;8251;Pave;Somerst;1Fam;1Story;7;5;2005;2006;0,18;1506;4;2007;WD ;Normal;249000
1791;10084;Pave;Somerst;1Fam;1Story;8;5;2004;2005;0,17;1694;8;2007;WD ;Normal;307000
1792;9605;Pave;Somerst;1Fam;2Story;7;5;2006;2006;0,1;982;7;2007;WD ;Family;250000
1793;8778;Pave;Somerst;1Fam;2Story;8;5;2006;2006;0,15;1302;3;2007;WD ;Normal;221300
1794;8640;Pave;Somerst;1Fam;1Story;8;5;2007;2007;0,15;1338;11;2007;New;Partial;208900
1795;9000;Pave;Somerst;1Fam;1Story;7;5;2006;2007;0,15;1335;6;2007;New;Partial;210400
1796;8640;Pave;Somerst;1Fam;2Story;8;5;2007;2007;0,1;896;11;2007;New;Partial;255000
1797;10411;Pave;Somerst;1Fam;2Story;5;5;2007;2007;0,07;725;7;2007;New;Partial;212109
1798;9000;Pave;Somerst;1Fam;2Story;8;5;2006;2006;0,12;1088;12;2007;WD ;Normal;270000
1799;9000;Pave;Somerst;1Fam;2Story;8;5;2007;2007;0,13;1184;8;2007;New;Partial;303477
1800;12217;Pave;Somerst;1Fam;2Story;8;5;2007;2007;0,08;955;12;2007;New;Partial;310013
1801;11096;Pave;Somerst;1Fam;1Story;8;5;2006;2006;0,15;1656;7;2007;WD ;Normal;249700
1802;10207;Pave;Somerst;1Fam;2Story;7;6;2007;2007;0,09;874;8;2007;New;Partial;227875
1803;10440;Pave;Somerst;1Fam;1Story;8;5;2007;2007;0,15;1584;5;2007;New;Partial;261329
1804;11824;Pave;Somerst;1Fam;1Story;8;5;2006;2006;0,14;1685;4;2007;WD ;Normal;253000
1805;10625;Pave;Somerst;1Fam;2Story;6;5;2004;2004;0,11;1158;6;2007;WD ;Normal;265000
1806;11143;Pave;Somerst;1Fam;2Story;8;5;2004;2005;0,14;1580;12;2007;WD ;Normal;340000
1807;7500;Pave;SawyerW;1Fam;1Story;6;5;2006;2007;0,15;1100;6;2007;New;Partial;146000
1808;7500;Pave;SawyerW;1Fam;1Story;7;5;2006;2006;0,15;1143;10;2007;WD ;Normal;147000
1809;12450;Pave;SawyerW;1Fam;1Story;5;5;2003;2004;0,09;1094;5;2007;WD ;Normal;149000
1810;7441;Pave;SawyerW;1Fam;1Story;7;5;2006;2006;0,2;1486;6;2007;WD ;Normal;181000
1811;8462;Pave;SawyerW;1Fam;2Story;6;5;1994;1994;0,11;936;7;2007;WD ;Normal;201000
1812;11613;Pave;SawyerW;1Fam;2Story;6;5;1993;1997;0,08;920;5;2007;WD ;Normal;191750
1813;8450;Pave;SawyerW;1Fam;1Story;7;5;2000;2001;0,16;1349;12;2007;WD ;Normal;179000
1814;16196;Pave;SawyerW;1Fam;1Story;7;5;1998;1998;0,09;1494;8;2007;WD ;Normal;215000
1815;8012;Pave;SawyerW;TwnhsE;1Story;6;5;1992;1992;0,2;1575;7;2007;WD ;Normal;179200
1816;8012;Pave;SawyerW;TwnhsE;2Story;6;5;1980;1980;0,08;630;7;2007;WD ;Normal;128000
1817;9180;Pave;SawyerW;1Fam;SFoyer;5;7;1983;1983;0,1;884;12;2007;WD ;Normal;144000
1818;8400;Pave;SawyerW;Duplex;1Story;5;5;1977;1977;0,24;2020;10;2007;WD ;Normal;144000
1819;6285;Pave;Sawyer;1Fam;1Story;5;5;1977;1977;0,14;894;3;2007;WD ;Normal;120750
1820;8480;Pave;Sawyer;1Fam;1Story;5;6;1963;1963;0,11;970;7;2007;WD ;Normal;132500
1821;7420;Pave;Sawyer;1Fam;1Story;5;5;1962;1962;0,14;1057;4;2007;WD ;Normal;132000
1822;7758;Pave;Sawyer;1Fam;1Story;5;7;1962;2001;0,13;999;3;2007;WD ;Normal;132500
1823;6970;Pave;Sawyer;1Fam;1Story;4;5;1961;1961;0,16;1120;5;2007;WD ;Normal;129000
1824;13673;Pave;Sawyer;1Fam;1Story;5;5;1962;1962;0,12;1696;3;2007;WD ;Normal;143900
1825;7476;Pave;Sawyer;1Fam;1Story;5;7;1968;1968;0,14;1040;6;2007;WD ;Normal;145000
1826;9945;Pave;Sawyer;1Fam;1Story;5;5;1961;1961;0,1;988;10;2007;WD ;Normal;128500
1827;6173;Pave;Sawyer;1Fam;1Story;5;6;1967;1967;0,15;902;8;2007;WD ;Normal;125500
1828;19522;Pave;Veenker;1Fam;2Story;7;5;1990;1990;0,07;1271;2;2007;WD ;Normal;300000
1829;17542;Pave;Veenker;1Fam;2Story;7;7;1974;2003;0,09;1516;7;2007;WD ;Normal;294000
1830;10751;Pave;Sawyer;1Fam;1Story;5;5;1974;1974;0,1;1037;8;2007;WD ;Normal;129000
1831;16647;Pave;Sawyer;1Fam;SFoyer;5;5;1975;1981;0,1;1701;1;2007;WD ;Normal;171000
1832;12712;Pave;Sawyer;1Fam;1Story;6;7;1973;2006;0,08;1055;1;2007;WD ;Abnorml;147000
1833;9572;Pave;NoRidge;1Fam;2Story;8;5;1990;1990;0,15;1453;6;2007;WD ;Normal;302000
1834;10678;Pave;NoRidge;1Fam;1.5Fin;8;5;1992;2000;0,2;2129;4;2007;WD ;Normal;285000
1835;4379;Pave;Somerst;TwnhsE;1Story;8;5;2004;2004;0,31;1378;7;2007;WD ;Normal;214000
1836;3523;Pave;Somerst;TwnhsE;1Story;8;5;2006;2007;0,33;1151;2;2007;New;Partial;166000
1837;3784;Pave;Somerst;TwnhsE;1Story;8;5;2006;2007;0,41;1565;2;2007;New;Partial;193800
1838;4230;Pave;Somerst;TwnhsE;1Story;7;5;2006;2007;0,32;1352;4;2007;New;Partial;208900
1839;3606;Pave;Somerst;TwnhsE;1Story;7;5;2006;2007;0,37;1352;8;2007;New;Partial;194000
1840;5330;Pave;Somerst;TwnhsE;1Story;8;5;2006;2007;0,29;1550;7;2007;New;Partial;207500
1841;4274;Pave;Somerst;TwnhsE;1Story;7;5;2006;2007;0,29;1241;11;2007;New;Partial;199900
1842;4251;Pave;Somerst;TwnhsE;2Story;7;5;2006;2007;0,15;625;6;2007;New;Partial;164700
1843;2280;Pave;Somerst;Twnhs;2Story;6;5;1999;1999;0,33;757;9;2007;WD ;Normal;176500
1844;3230;Pave;Somerst;TwnhsE;2Story;6;5;1999;1999;0,23;729;6;2007;WD ;Normal;176000
1845;2117;Pave;Somerst;TwnhsE;2Story;6;5;2000;2000;0,36;756;6;2007;WD ;Normal;168500
1846;2117;Pave;Somerst;Twnhs;2Story;6;5;2000;2000;0,36;769;9;2007;WD ;Normal;177000
1847;2117;Pave;Somerst;Twnhs;2Story;6;5;2000;2000;0,36;769;6;2007;WD ;Normal;177000
1848;5105;Pave;Somerst;TwnhsE;2Story;7;5;2004;2004;0,11;551;3;2007;WD ;Normal;148800
1849;2645;Pave;Somerst;Twnhs;2Story;8;5;1999;2000;0,29;764;11;2007;WD ;Normal;174000
1850;7399;Pave;Somerst;1Fam;2Story;7;5;1997;1998;0,13;975;6;2007;WD ;Normal;239000
1851;7321;Pave;Somerst;1Fam;1Story;7;5;1999;2000;0,19;1358;12;2007;COD;Normal;204000
1852;8010;Pave;Somerst;1Fam;2Story;8;5;2003;2004;0,13;1072;8;2007;WD ;Normal;301000
1853;8413;Pave;Somerst;1Fam;2Story;8;5;1998;1998;0,15;1220;6;2007;WD ;Normal;312500
1854;9466;Pave;Veenker;TwnhsE;1Story;8;5;1994;1995;0,16;1494;5;2007;WD ;Normal;279700
1855;12000;Pave;Veenker;1Fam;1Story;7;6;1980;1980;0,2;2362;3;2007;WD ;Normal;255000
1856;16157;Pave;Veenker;1Fam;SLvl;5;7;1978;1978;0,09;1432;6;2007;WD ;Normal;194000
1857;10768;Pave;Veenker;1Fam;1Story;5;8;1976;2004;0,13;1437;7;2007;WD ;Normal;218000
1858;3840;Pave;Greens;TwnhsE;1Story;8;6;1978;1998;0,34;1295;7;2007;WD ;Normal;213750
1859;9600;Pave;Veenker;1Fam;SLvl;6;7;1976;1994;0,11;1094;8;2007;WD ;Normal;187000
1860;9600;Pave;Veenker;1Fam;1Story;6;8;1976;1976;0,13;1262;5;2007;WD ;Normal;181500
1861;17778;Pave;Veenker;1Fam;1Story;8;5;1981;1981;0,14;2497;3;2007;WD ;Normal;373000
1862;18890;Pave;Sawyer;Duplex;1.5Fin;5;5;1977;1977;0,07;1361;8;2007;WD ;Normal;190000
1863;7050;Pave;Somerst;1Fam;2Story;7;5;2001;2001;0,15;1057;5;2007;WD ;Normal;226000
1864;11700;Pave;NWAmes;1Fam;1Story;6;6;1968;1968;0,1;1152;9;2007;CWD;Normal;143450
1865;8000;Pave;NWAmes;1Fam;2Story;6;6;1970;1970;0,18;1403;6;2007;WD ;Normal;240050
1866;8723;Pave;NWAmes;1Fam;SFoyer;6;6;1969;1969;0,12;1082;1;2007;WD ;Normal;162500
1867;11700;Pave;NWAmes;1Fam;1Story;6;5;1968;1968;0,11;1295;4;2007;WD ;Normal;164000
1868;11358;Pave;NWAmes;1Fam;1Story;7;7;1972;1987;0,14;1610;5;2007;WD ;Normal;185000
1869;9547;Pave;NWAmes;1Fam;1Story;7;6;1993;1993;0,17;1594;7;2007;WD ;Normal;188500
1870;10530;Pave;NWAmes;1Fam;2Story;7;6;1993;1993;0,1;1091;8;2007;WD ;Normal;255000
1871;11500;Pave;NWAmes;Duplex;1Story;5;6;1976;1976;0,15;1680;6;2007;WD ;Normal;136905
1872;10738;Pave;NWAmes;1Fam;1Story;6;7;1966;1966;0,1;1093;11;2007;WD ;Normal;158500
1873;9600;Pave;NWAmes;1Fam;1Story;7;6;1973;1973;0,13;1242;9;2007;WD ;Normal;175500
1874;10800;Pave;NWAmes;1Fam;1Story;6;5;1963;1963;0,1;1052;2;2007;COD;Normal;127000
1875;8050;Pave;NAmes;1Fam;1Story;5;6;1967;1993;0,14;1107;3;2007;WD ;Normal;127000
1876;10355;Pave;NAmes;1Fam;1Story;5;5;1967;1967;0,12;1214;7;2007;WD ;Normal;143000
1877;10289;Pave;NAmes;1Fam;1Story;5;7;1965;1965;0,1;1073;6;2007;WD ;Normal;156000
1878;9503;Pave;NAmes;1Fam;1Story;5;5;1958;1983;0,14;1344;6;2007;WD ;Normal;144000
1879;10624;Pave;NAmes;Duplex;1Story;5;4;1964;1964;0,16;1728;11;2007;WD ;Normal;119000
1880;10899;Pave;NAmes;Duplex;1Story;4;5;1964;1964;0,11;1224;4;2007;WD ;Normal;103000
1881;12342;Pave;NAmes;1Fam;1Story;5;5;1960;1978;0,12;1422;8;2007;WD ;Normal;139900
1882;12772;Pave;NAmes;1Fam;1Story;6;8;1960;1998;0,08;958;4;2007;WD ;Normal;151500
1883;8892;Pave;NAmes;1Fam;1Story;5;5;1960;1960;0,12;1065;7;2007;COD;Normal;126500
1884;10482;Pave;NAmes;1Fam;SLvl;6;8;1958;1958;0,11;1138;6;2007;WD ;Normal;145000
1885;7535;Pave;NAmes;1Fam;1Story;5;7;1958;1985;0,12;912;6;2007;WD ;Normal;120000
1886;7450;Pave;NAmes;1Fam;1Story;5;5;1956;1956;0,14;1074;1;2007;WD ;Normal;124000
1887;8339;Pave;NAmes;1Fam;1Story;5;7;1959;1959;0,11;882;7;2007;WD ;Normal;106500
1888;14357;Pave;NAmes;1Fam;1Story;5;5;1961;1961;0,08;1187;8;2007;CWD;Normal;140500
1889;8243;Pave;NAmes;1Fam;1Story;5;7;1961;1961;0,12;964;2;2007;WD ;Normal;137500
1890;8680;Pave;NAmes;1Fam;1Story;5;7;1960;1960;0,1;894;1;2007;WD ;Normal;117600
1891;8800;Pave;NAmes;1Fam;1Story;7;6;1966;1966;0,14;1200;10;2007;CWD;Normal;163500
1892;9200;Pave;NAmes;1Fam;SLvl;6;5;1965;1965;0,11;1042;5;2007;WD ;Normal;161000
1893;9350;Pave;NAmes;1Fam;SLvl;6;7;1964;1991;0,14;1302;10;2007;CWD;Normal;158000
1894;8800;Pave;NAmes;1Fam;2Story;6;7;1964;1997;0,1;845;7;2007;WD ;Normal;224500
1895;11382;Pave;NAmes;1Fam;1Story;6;5;1964;1964;0,12;1374;8;2007;WD ;Normal;147000
1896;22002;Pave;NAmes;1Fam;1Story;6;7;1959;1991;0,08;1652;7;2007;WD ;Normal;200000
1897;14585;Pave;NAmes;1Fam;1Story;6;6;1960;1987;0,1;1429;6;2007;WD ;Normal;181900
1898;7388;Pave;NAmes;1Fam;1Story;5;6;1959;2002;0,18;1327;7;2007;WD ;Normal;150750
1899;9842;Pave;NAmes;Duplex;1Story;4;5;1962;1962;0,12;1224;3;2007;WD ;Normal;101800
1900;8280;Pave;NAmes;1Fam;1Story;6;5;1950;1950;0,11;932;11;2007;WD ;Normal;124000
1901;12172;Pave;NAmes;1Fam;1.5Unf;5;7;1940;1996;0,07;908;10;2007;WD ;Normal;138500
1902;5000;Pave;BrkSide;1Fam;1Story;1;3;1946;1950;0,07;334;1;2007;WD ;Normal;39300
1903;5000;Pave;BrkSide;1Fam;1Story;3;3;1946;1950;0,13;666;4;2007;WD ;Normal;64500
1904;3500;Pave;BrkSide;1Fam;1.5Fin;3;5;1945;1950;0,13;442;7;2007;WD ;Normal;64000
1905;5175;Pave;BrkSide;1Fam;1Story;5;8;1958;2000;0,16;808;7;2007;COD;Normal;112000
1906;9500;Pave;NAmes;1Fam;2Story;6;6;1964;1978;0,12;1127;6;2007;WD ;Normal;165000
1907;9600;Pave;NAmes;1Fam;1Story;5;6;1955;1955;0,12;1150;10;2007;WD ;Normal;144000
1908;11345;Pave;NAmes;Duplex;2Story;5;5;1948;1950;0,08;928;7;2007;WD ;Normal;137000
1909;9492;Pave;NAmes;1Fam;1.5Fin;5;5;1941;1950;0,1;968;4;2007;WD ;Normal;105000
1910;9480;Pave;NAmes;1Fam;2Story;5;7;1942;1995;0,09;888;6;2007;WD ;Normal;146500
1911;8668;Pave;NAmes;Duplex;1Story;5;5;1968;1968;0,18;1560;5;2007;WD ;Normal;126000
1912;10050;Pave;NAmes;1Fam;SFoyer;5;6;1966;1966;0,13;1280;6;2007;WD ;Normal;175000
1913;9600;Pave;NAmes;1Fam;SLvl;6;5;1961;1961;0,13;1254;5;2007;WD ;Normal;158500
1914;10150;Pave;NAmes;1Fam;1Story;5;5;1958;1958;0,09;912;7;2007;COD;Normal;114500
1915;11344;Pave;NAmes;1Fam;1.5Fin;5;5;1958;1958;0,08;874;7;2007;WD ;Normal;144000
1916;18450;Pave;NAmes;1Fam;2Story;6;5;1965;1979;0,08;1465;8;2007;WD ;Abnorml;129000
1917;8760;Pave;NAmes;1Fam;1Story;6;7;1957;1999;0,11;936;9;2007;WD ;Normal;141000
1918;6860;Pave;NAmes;1Fam;1Story;5;6;1956;1956;0,15;1008;12;2007;WD ;Normal;131000
1919;8250;Pave;NAmes;1Fam;1Story;5;7;1963;1963;0,13;1053;7;2007;WD ;Normal;142100
1920;8176;Pave;NAmes;1Fam;1Story;5;6;1958;1992;0,13;1056;8;2007;WD ;Normal;139000
1921;9750;Pave;NAmes;1Fam;1Story;6;6;1958;1958;0,15;1442;4;2007;COD;Normal;157900
1922;9250;Pave;NAmes;1Fam;1Story;5;7;1954;2005;0,11;1056;7;2007;WD ;Normal;139400
1923;11988;Pave;NAmes;1Fam;1Story;6;6;1957;1957;0,1;1244;5;2007;WD ;Normal;150000
1924;9100;Pave;NAmes;1Fam;1Story;5;5;1960;1960;0,13;1144;6;2007;WD ;Normal;120000
1925;9736;Pave;NAmes;1Fam;1Story;6;6;1957;1969;0,18;1721;4;2007;WD ;Normal;174850
1926;9770;Pave;NAmes;1Fam;1Story;5;5;1957;1957;0,09;922;4;2007;WD ;Normal;116000
1927;10152;Pave;NAmes;1Fam;1Story;5;5;1956;1956;0,1;1048;6;2007;WD ;Normal;135000
1928;12155;Pave;NAmes;1Fam;1Story;6;3;1970;1970;0,14;1657;3;2007;WD ;Normal;163500
1929;12198;Pave;NAmes;1Fam;1Story;5;6;1955;1975;0,12;1411;6;2007;COD;Normal;130000
1930;10050;Pave;NAmes;1Fam;1Story;5;5;1955;1955;0,12;1216;8;2007;WD ;Normal;129500
1931;11556;Pave;NAmes;1Fam;1Story;5;9;1953;2006;0,1;1154;7;2007;WD ;Normal;142000
1932;8078;Pave;NAmes;Duplex;1Story;5;5;1958;1958;0,19;1560;12;2007;WD ;Normal;128600
1933;10950;Pave;NAmes;1Fam;1Story;6;6;1952;1952;0,09;948;4;2007;WD ;Normal;125000
1934;7942;Pave;NAmes;1Fam;1Story;6;7;1953;1953;0,13;1040;6;2007;WD ;Normal;136000
1935;8923;Pave;NAmes;1Fam;1Story;5;7;1953;2006;0,11;1008;5;2007;WD ;Normal;134500
1936;8540;Pave;NAmes;1Fam;1Story;5;8;1956;2003;0,11;925;6;2007;WD ;Normal;127000
1937;7134;Pave;NAmes;1Fam;SLvl;5;5;1955;1955;0,19;1360;2;2007;WD ;Normal;130000
1938;7150;Pave;NAmes;1Fam;1.5Fin;4;4;1955;1955;0,15;1040;8;2007;WD ;Normal;115000
1939;8400;Pave;NAmes;1Fam;1Story;5;5;1955;1955;0,11;925;3;2007;WD ;Normal;116900
1940;13300;Pave;NAmes;1Fam;1Story;5;7;1956;2000;0,07;928;6;2007;WD ;Normal;132000
1941;9532;Pave;NAmes;1Fam;1Story;4;6;1953;1953;0,17;1647;2;2007;WD ;Normal;153000
1942;15783;Pave;OldTown;1Fam;1Story;5;5;1952;1952;0,06;924;6;2007;WD ;Normal;112500
1943;14190;Pave;OldTown;1Fam;1.5Fin;4;7;1890;2006;0,07;1000;4;2007;WD ;Normal;138000
1944;9600;Pave;NAmes;1Fam;1.5Unf;5;7;1949;2003;0,09;893;5;2007;WD ;Normal;135000
1945;12099;Pave;NAmes;1Fam;1.5Fin;5;6;1953;2004;0,1;1216;6;2007;WD ;Normal;156000
1946;21281;Pave;NAmes;1Fam;2Story;5;4;1935;2007;0,06;1308;11;2007;WD ;Family;301600
1947;10134;Pave;OldTown;1Fam;1.5Fin;5;6;1940;1950;0,07;735;7;2007;WD ;Normal;109000
1948;5500;Pave;OldTown;1Fam;1.5Unf;4;6;1956;1956;0,16;882;4;2007;WD ;Normal;103200
1949;10284;Pave;OldTown;1Fam;1.5Fin;4;7;1925;1993;0,08;845;8;2007;WD ;Abnorml;128500
1950;10800;Pave;OldTown;1Fam;1Story;4;6;1927;2007;0,09;968;8;2007;WD ;Normal;64500
1951;10800;Pave;OldTown;1Fam;2Story;5;9;1895;1999;0,07;751;7;2007;WD ;Normal;148000
1952;5400;Pave;OldTown;1Fam;1Story;5;6;1920;1950;0,13;691;1;2007;WD ;Abnorml;86000
1953;10090;Pave;NAmes;1Fam;SLvl;7;5;1963;1999;0,1;1035;10;2007;WD ;Normal;172000
1954;8700;Pave;NAmes;1Fam;1Story;5;7;1961;1961;0,1;888;2;2007;COD;Abnorml;120000
1955;8300;Pave;NAmes;1Fam;1Story;6;6;1968;1968;0,11;952;8;2007;WD ;Normal;128500
1956;11606;Pave;NAmes;1Fam;2Story;5;5;1969;1969;0,09;1040;9;2007;WD ;Family;135000
1957;8064;Pave;NAmes;1Fam;1.5Fin;5;7;1949;2006;0,08;672;7;2007;WD ;Normal;122900
1958;11664;Pave;NAmes;1Fam;1Story;6;5;1948;1950;0,09;1082;11;2007;WD ;Normal;119200
1959;10496;Pave;NAmes;1Fam;1.5Fin;6;6;1949;1950;0,11;1168;1;2007;WD ;Normal;143000
1960;7200;Pave;NAmes;1Fam;1Story;5;7;1950;1950;0,14;988;5;2007;WD ;Normal;119000
1961;7200;Pave;NAmes;1Fam;1Story;5;3;1950;1950;0,17;1238;11;2007;WD ;Normal;102000
1962;7200;Pave;NAmes;1Fam;1Story;5;8;1950;2002;0,12;864;7;2007;WD ;Normal;129000
1963;7000;Pave;NAmes;1Fam;1Story;5;7;1960;2002;0,16;1134;4;2007;WD ;Family;135000
1964;7500;Pave;NAmes;1Fam;1Story;5;7;1959;2003;0,14;1040;7;2007;WD ;Normal;152000
1965;7315;Pave;NAmes;1Fam;1Story;5;6;1958;1958;0,16;1170;3;2007;WD ;Normal;140000
1966;7903;Pave;NAmes;1Fam;1Story;5;5;1960;1960;0,16;1242;5;2007;WD ;Family;152000
1967;8000;Pave;NAmes;1Fam;1Story;5;5;1960;1960;0,17;1377;11;2007;WD ;Normal;156500
1968;8000;Pave;NAmes;Duplex;1Story;5;4;1961;1961;0,23;1800;7;2007;WD ;Normal;141000
1969;7000;Pave;NAmes;1Fam;1Story;5;6;1961;1961;0,13;925;7;2007;WD ;Normal;99000
1970;9760;Pave;NAmes;1Fam;2Story;6;8;1964;1993;0,1;1020;7;2007;WD ;Normal;187000
1971;7590;Pave;NAmes;1Fam;2Story;5;5;1962;1962;0,12;876;7;2007;WD ;Normal;169500
1972;6600;Pave;NAmes;1Fam;1Story;5;5;1962;1962;0,13;864;12;2007;WD ;Normal;125500
1973;6760;Pave;NAmes;1Fam;SFoyer;5;5;1962;1962;0,14;936;10;2007;WD ;Normal;130000
1974;6978;Pave;OldTown;1Fam;1Story;5;7;1926;1980;0,14;960;4;2007;WD ;Normal;103000
1975;9600;Pave;OldTown;1Fam;2Story;5;7;1910;2002;0,08;768;5;2007;WD ;Abnorml;132000
1976;6000;Pave;OldTown;1Fam;1.5Fin;6;6;1927;1950;0,14;866;7;2007;WD ;Normal;127500
1977;4480;Pave;OldTown;1Fam;1Story;5;5;1922;1950;0,23;1022;2;2007;WD ;Normal;89500
1978;7200;Pave;OldTown;Duplex;SFoyer;5;5;1980;1980;0,13;936;8;2007;WD ;Normal;140000
1979;3153;Pave;OldTown;1Fam;1Story;5;6;1920;1990;0,31;967;7;2007;WD ;Normal;99900
1980;10800;Pave;OldTown;1Fam;1Story;4;7;1885;1995;0,1;1047;8;2007;WD ;Normal;100000
1981;7200;Pave;OldTown;1Fam;1Story;5;8;1940;1950;0,15;1072;5;2007;WD ;Normal;130000
1982;9000;Pave;OldTown;1Fam;1.5Fin;5;8;1900;2006;0,08;680;6;2007;WD ;Normal;135000
1983;6000;Pave;OldTown;1Fam;1.5Fin;3;7;1948;2002;0,11;679;6;2007;WD ;Normal;120000
1984;5925;Pave;OldTown;1Fam;1Story;4;7;1937;2000;0,19;1131;3;2007;WD ;Alloca;89471
1985;5925;Pave;OldTown;1Fam;1.5Fin;4;6;1900;1950;0,13;761;5;2007;ConLw;Normal;85000
1986;6000;Pave;OldTown;1Fam;1Story;4;4;1920;1950;0,16;960;7;2007;WD ;Normal;108500
1987;9639;Pave;OldTown;1Fam;2Story;4;8;1900;1950;0,12;1156;5;2007;WD ;Normal;137000
1988;3880;Pave;OldTown;1Fam;1Story;5;9;1945;1997;0,22;866;8;2007;WD ;Normal;110500
1989;8520;Pave;OldTown;1Fam;1Story;5;6;1923;2006;0,11;968;7;2007;WD ;Normal;100000
1990;10337;Pave;OldTown;1Fam;2Story;8;9;1910;1999;0,09;909;5;2007;WD ;Normal;184900
1991;9863;Pave;OldTown;1Fam;2Story;6;6;1927;1950;0,09;914;3;2007;WD ;Abnorml;145000
1992;9600;Pave;OldTown;1Fam;1.5Fin;5;8;1925;1994;0,09;842;7;2007;WD ;Normal;125000
1993;4571;Pave;OldTown;1Fam;2Story;5;7;1910;1950;0,13;616;6;2007;WD ;Normal;114000
1994;13600;Pave;OldTown;2fmCon;2Story;5;5;1900;1950;0,1;1422;9;2007;WD ;Normal;90000
1995;8398;Pave;OldTown;1Fam;1.5Fin;6;8;1910;1990;0,12;991;11;2007;WD ;Normal;144100
1996;9900;Pave;OldTown;1Fam;2Story;6;4;1880;1950;0,12;1178;5;2007;WD ;Normal;117500
1997;3600;Pave;OldTown;1Fam;2Story;5;7;1930;2005;0,19;687;7;2007;WD ;Partial;124500
1998;13500;Pave;OldTown;1Fam;2.5Unf;7;8;1879;1987;0,1;1312;2;2007;WD ;Normal;185000
1999;7200;Pave;OldTown;2fmCon;2.5Unf;6;6;1910;1998;0,18;1260;11;2007;WD ;Normal;133900
2000;5400;Pave;OldTown;1Fam;1Story;6;7;1926;2004;0,21;1149;10;2007;WD ;Normal;152000
2001;8100;Pave;OldTown;1Fam;1Story;5;6;1948;1973;0,19;1559;6;2007;COD;Normal;153500
2002;10800;Pave;OldTown;1Fam;2Story;7;8;1890;1998;0,15;1576;7;2007;WD ;Normal;159500
2003;9439;Pave;OldTown;1Fam;1.5Fin;5;5;1930;1950;0,1;912;3;2007;WD ;Normal;87000
2004;8626;Pave;OldTown;1Fam;1Story;4;6;1956;1956;0,11;968;5;2007;WD ;Normal;104500
2005;11800;Pave;OldTown;1Fam;SLvl;4;7;1949;2002;0,12;1382;5;2007;WD ;Normal;110000
2006;6854;Pave;BrkSide;1Fam;1Story;5;7;1925;1994;0,13;916;8;2007;WD ;Normal;136500
2007;8674;Pave;BrkSide;1Fam;1.5Fin;5;6;1950;1950;0,1;910;3;2007;WD ;Normal;128250
2008;8731;Pave;BrkSide;1Fam;1Story;5;5;1920;1950;0,13;1167;5;2007;WD ;Normal;144000
2009;8737;Pave;BrkSide;1Fam;1.5Fin;6;7;1923;1950;0,1;915;5;2007;WD ;Normal;210000
2010;6125;Pave;BrkSide;1Fam;1.5Fin;5;7;1939;1998;0,12;728;3;2007;CWD;Normal;135000
2011;6000;Pave;BrkSide;1Fam;2Story;6;6;1939;1950;0,1;608;2;2007;WD ;Normal;128000
2012;6000;Pave;BrkSide;1Fam;1.5Fin;6;6;1941;1950;0,14;869;3;2007;WD ;Normal;131000
2013;6120;Pave;BrkSide;1Fam;1.5Unf;5;7;1939;1950;0,14;884;7;2007;WD ;Normal;113000
2014;6240;Pave;BrkSide;1Fam;1.5Fin;6;5;1938;1950;0,14;861;3;2007;WD ;Normal;126000
2015;6240;Pave;BrkSide;1Fam;1.5Fin;5;8;1939;1952;0,14;899;7;2007;WD ;Normal;132000
2016;6240;Pave;BrkSide;1Fam;1.5Fin;5;7;1930;1992;0,16;1014;7;2007;WD ;Normal;131750
2017;6120;Pave;BrkSide;1Fam;1.5Fin;5;6;1926;1950;0,15;903;8;2007;WD ;Normal;132500
2018;6120;Pave;BrkSide;1Fam;2Story;5;8;1920;2004;0,15;939;5;2007;WD ;Normal;137500
2019;6120;Pave;BrkSide;1Fam;1.5Unf;7;8;1929;2001;0,14;854;7;2007;WD ;Normal;132000
2020;6240;Pave;BrkSide;1Fam;1.5Fin;6;6;1931;1950;0,15;959;11;2007;WD ;Normal;127500
2021;6180;Pave;BrkSide;1Fam;1Story;6;5;1926;1950;0,16;986;5;2007;WD ;Normal;102000
2022;7755;Pave;OldTown;1Fam;2Story;6;8;1918;1995;0,14;1100;5;2007;WD ;Normal;200000
2023;13515;Pave;BrkSide;1Fam;2Story;6;6;1919;1950;0,08;1060;7;2007;WD ;Normal;180500
2024;8850;Pave;BrkSide;1Fam;1.5Fin;6;7;1920;1950;0,08;752;2;2007;WD ;Normal;165000
2025;8550;Pave;BrkSide;1Fam;1.5Fin;5;5;1926;1950;0,11;960;10;2007;ConLw;Family;90000
2026;8730;Pave;BrkSide;1Fam;2Story;6;7;1915;2003;0,08;698;7;2007;WD ;Normal;153575
2027;5700;Pave;OldTown;1Fam;2Story;7;6;1929;1990;0,12;672;9;2007;WD ;Normal;140000
2028;8520;Pave;OldTown;1Fam;1.5Fin;6;7;1916;1950;0,2;1664;8;2007;CWD;Family;136000
2029;5680;Pave;OldTown;1Fam;1.5Fin;5;4;1901;1950;0,16;933;9;2007;WD ;AdjLand;113000
2030;5680;Pave;OldTown;1Fam;1.5Fin;5;3;1901;1950;0,17;969;9;2007;WD ;AdjLand;117000
2031;7758;Pave;IDOTRR;1Fam;1.5Fin;7;4;1931;1950;0,16;1226;6;2007;WD ;Normal;169500
2032;7449;Pave;IDOTRR;1Fam;1.5Unf;7;7;1930;1950;0,15;1108;6;2007;WD ;Normal;139400
2033;13200;Pave;IDOTRR;1Fam;SLvl;6;6;1963;1963;0,11;1497;4;2007;WD ;Normal;202500
2034;6882;Pave;IDOTRR;1Fam;2Story;6;7;1914;2006;0,11;773;3;2007;WD ;Normal;127000
2035;9000;Pave;IDOTRR;1Fam;1.5Fin;6;6;1937;1950;0,09;780;12;2007;WD ;Normal;141000
2036;9780;Pave;IDOTRR;1Fam;2Story;7;9;1950;2005;0,1;976;4;2007;WD ;Normal;212300
2037;10320;Pave;IDOTRR;1Fam;1.5Fin;6;5;1915;1950;0,11;1138;5;2007;WD ;Normal;161000
2038;4330;Pave;IDOTRR;2fmCon;1.5Fin;4;6;1958;1958;0,19;838;2;2007;COD;Abnorml;99500
2039;7200;Pave;IDOTRR;1Fam;2.5Unf;5;7;1920;1996;0,08;581;3;2007;WD ;Normal;101000
2040;4800;Pave;IDOTRR;1Fam;1Story;4;7;1916;1990;0,25;1196;7;2007;WD ;Normal;109900
2041;12358;Pave;OldTown;1Fam;1.5Fin;5;6;1941;1950;0,07;854;5;2007;WD ;Normal;128500
2042;10120;Pave;OldTown;2fmCon;2.5Unf;7;4;1910;1950;0,1;964;1;2007;WD ;Normal;122000
2043;4388;Pave;OldTown;1Fam;1.5Unf;5;7;1930;1950;0,19;840;6;2007;WD ;Normal;87000
2044;10320;Pave;IDOTRR;1Fam;1.5Fin;4;1;1910;1950;0,08;866;9;2007;COD;Abnorml;50000
2045;12888;Pave;Sawyer;1Fam;2Story;7;8;1937;1980;0,1;1262;4;2007;WD ;Normal;219000
2046;18030;Pave;ClearCr;1Fam;1.5Fin;5;6;1946;1994;0,09;1636;3;2007;WD ;Normal;200500
2047;8160;Pave;Edwards;1Fam;1.5Fin;5;6;1940;1950;0,09;756;4;2007;WD ;AdjLand;126000
2048;4484;Pave;SWISU;2fmCon;1.5Fin;5;6;1942;1979;0,17;778;7;2007;WD ;Normal;108500
2049;11235;Pave;Sawyer;2fmCon;SFoyer;5;5;1963;1963;0,09;999;3;2007;WD ;Normal;130000
2050;11235;Pave;Sawyer;1Fam;SFoyer;5;5;1964;1980;0,13;1452;11;2007;WD ;Normal;158450
2051;14299;Pave;Sawyer;1Fam;1Story;4;3;1964;1964;0,07;1005;7;2007;WD ;Normal;115400
2052;7943;Pave;Sawyer;1Fam;1Story;4;5;1961;1961;0,13;1029;4;2007;WD ;Normal;118500
2053;14149;Pave;Sawyer;1Fam;SLvl;5;8;1964;2001;0,07;1020;5;2007;WD ;Normal;165000
2054;11677;Pave;Sawyer;1Fam;1Story;5;4;1966;1966;0,09;1040;2;2007;WD ;Normal;123000
2055;8400;Pave;Sawyer;1Fam;SFoyer;6;5;1966;1966;0,11;913;5;2007;WD ;Normal;129000
2056;7094;Pave;Sawyer;1Fam;1Story;5;5;1966;1966;0,13;894;5;2007;WD ;Normal;125000
2057;8978;Pave;Sawyer;1Fam;1Story;5;5;1968;1968;0,11;948;5;2007;WD ;Family;108000
2058;8425;Pave;Sawyer;2fmCon;1Story;5;6;1971;1990;0,1;868;5;2007;WD ;Normal;119900
2059;8665;Pave;Sawyer;1Fam;1Story;5;5;1968;1968;0,1;897;1;2007;WD ;Normal;115000
2060;8398;Pave;Sawyer;1Fam;1Story;5;5;1967;1967;0,11;943;6;2007;WD ;Normal;134500
2061;7742;Pave;Sawyer;1Fam;1Story;5;7;1966;1966;0,12;955;1;2007;WD ;Normal;127000
2062;8724;Pave;Sawyer;1Fam;1Story;5;5;1968;1968;0,1;894;5;2007;WD ;Normal;129000
2063;8197;Pave;Sawyer;1Fam;1Story;6;5;1977;1977;0,16;1285;4;2007;WD ;Normal;143500
2064;8169;Pave;Sawyer;1Fam;1Story;5;7;1966;1966;0,11;912;7;2007;WD ;Normal;129000
2065;14175;Pave;Sawyer;1Fam;1Story;5;5;1956;1998;0,1;1375;12;2007;WD ;Normal;187000
2066;16779;Pave;Sawyer;1Fam;2Story;5;4;1920;1996;0,09;1567;5;2007;WD ;Normal;158000
2067;25339;Pave;Sawyer;1Fam;1Story;5;7;1918;2007;0,06;1416;8;2007;WD ;Normal;112000
2068;6960;Pave;Sawyer;1Fam;1.5Fin;7;8;1940;1998;0,11;798;7;2007;WD ;Normal;165250
2069;11375;Pave;Sawyer;1Fam;1Story;6;5;1954;1995;0,11;1299;10;2007;WD ;Normal;150000
2070;13770;Pave;Sawyer;1Fam;1Story;5;6;1958;1998;0,09;1176;10;2007;VWD;Normal;137000
2071;9000;Pave;Sawyer;1Fam;1Story;4;7;1945;1950;0,11;998;5;2007;WD ;Normal;89500
2072;115149;Pave;ClearCr;1Fam;1Story;7;5;1971;2002;0,02;1824;6;2007;WD ;Normal;302000
2073;11075;Pave;ClearCr;1Fam;1Story;6;5;1984;1984;0,14;1522;2;2007;WD ;Normal;182000
2074;10029;Pave;ClearCr;1Fam;2Story;6;5;1988;1989;0,12;1164;9;2007;WD ;Normal;211000
2075;17541;Pave;Edwards;1Fam;1Story;5;7;1948;2005;0,08;1325;7;2007;WD ;Normal;216000
2076;22692;Pave;Edwards;1Fam;1Story;5;5;1953;1953;0,07;1630;3;2007;COD;Normal;130000
2077;17808;Pave;Edwards;1Fam;1Story;4;5;1946;1950;0,07;1242;7;2007;WD ;Normal;109900
2078;12671;Pave;ClearCr;1Fam;1Story;6;7;1954;1994;0,19;2422;7;2007;WD ;Normal;255000
2079;12615;Pave;Edwards;1Fam;1Story;6;7;1950;2001;0,17;2158;6;2007;WD ;Normal;243000
2080;10512;Pave;Edwards;1Fam;1.5Fin;6;6;1954;1954;0,09;988;5;2007;WD ;Normal;154000
2081;5400;Pave;SWISU;1Fam;1Story;5;5;1958;1958;0,16;864;5;2007;WD ;Normal;118000
2082;11515;Pave;Edwards;1Fam;1Story;4;5;1958;1994;0,08;943;8;2007;WD ;Normal;80000
2083;7711;Pave;Edwards;Duplex;1Story;4;3;1977;1977;0,19;1440;8;2007;Oth;Abnorml;150000
2084;9098;Pave;Edwards;1Fam;1Story;4;7;1920;2002;0,07;605;7;2007;WD ;Normal;86000
2085;3869;Pave;Edwards;TwnhsE;1Story;5;6;1984;1984;0,27;1038;7;2007;WD ;Normal;130000
2086;9280;Pave;Edwards;1Fam;1Story;5;6;1951;1951;0,14;1342;4;2007;WD ;Normal;125000
2087;11100;Pave;Edwards;1Fam;1.5Fin;5;6;1951;1994;0,1;1080;7;2007;WD ;Normal;136500
2088;7550;Pave;Edwards;1Fam;1.5Fin;4;5;1920;1950;0,13;986;3;2007;WD ;Normal;96000
2089;9060;Pave;Edwards;1Fam;1Story;5;6;1957;2006;0,15;1340;6;2007;WD ;Normal;120000
2090;23920;Pave;SawyerW;1Fam;1.5Fin;6;5;1984;1984;0,05;1105;4;2007;WD ;Normal;228500
2091;10357;Pave;SawyerW;1Fam;1Story;7;5;1990;1991;0,14;1442;5;2007;WD ;Normal;179900
2092;13474;Pave;SawyerW;1Fam;2Story;7;5;1990;1991;0,08;1122;6;2007;WD ;Normal;225000
2093;10380;Pave;SawyerW;1Fam;2Story;7;5;1986;1987;0,15;1553;8;2007;WD ;Normal;301000
2094;13125;Pave;SawyerW;1Fam;2Story;7;5;1991;1991;0,07;912;11;2007;WD ;Normal;238000
2095;11287;Pave;SawyerW;1Fam;2Story;7;6;1989;1989;0,1;1175;1;2007;WD ;Normal;228500
2096;9317;Pave;SawyerW;1Fam;2Story;7;5;1994;2001;0,11;1029;7;2007;CWD;Normal;220000
2097;9965;Pave;CollgCr;1Fam;2Story;7;5;2007;2007;0,13;1282;10;2007;New;Partial;383970
2098;9965;Pave;CollgCr;1Fam;2Story;8;5;2006;2007;0,15;1466;4;2007;New;Partial;424870
2099;9178;Pave;CollgCr;1Fam;1Story;8;5;2007;2007;0,18;1651;9;2007;New;Partial;250000
2100;10481;Pave;CollgCr;1Fam;1Story;8;5;2006;2007;0,2;2140;6;2007;New;Partial;360000
2101;10652;Pave;CollgCr;1Fam;1Story;7;5;2006;2007;0,14;1494;8;2007;New;Partial;279500
2102;11175;Pave;CollgCr;1Fam;1Story;7;5;2007;2007;0,12;1316;10;2007;New;Partial;200141
2103;10235;Pave;CollgCr;1Fam;1Story;8;5;2007;2007;0,16;1651;9;2007;New;Partial;246500
2104;9588;Pave;CollgCr;1Fam;2Story;8;5;2007;2007;0,15;1482;11;2007;New;Partial;276000
2105;8814;Pave;CollgCr;1Fam;1Story;7;5;2005;2007;0,14;1274;1;2007;New;Partial;203000
2106;11103;Pave;CollgCr;1Fam;2Story;7;5;2006;2006;0,07;728;7;2007;New;Partial;155835
2107;8556;Pave;CollgCr;1Fam;1Story;7;5;2006;2006;0,14;1240;5;2007;WD ;Normal;194000
2108;6762;Pave;CollgCr;1Fam;1Story;7;5;2007;2007;0,18;1208;9;2007;New;Partial;195400
2109;11750;Pave;CollgCr;1Fam;1Story;7;5;2005;2006;0,13;1546;6;2007;WD ;Normal;217000
2110;8760;Pave;CollgCr;1Fam;1Story;8;5;2006;2006;0,17;1500;6;2007;WD ;Normal;212999
2111;7242;Pave;CollgCr;1Fam;1Story;7;5;2005;2006;0,18;1270;7;2007;WD ;Normal;175900
2112;9316;Pave;CollgCr;1Fam;2Story;7;5;2005;2006;0,09;879;10;2007;WD ;Normal;191000
2113;9317;Pave;CollgCr;1Fam;1Story;6;5;2006;2006;0,14;1314;3;2007;WD ;Normal;176432
2114;14364;Pave;SawyerW;1Fam;2Story;7;5;1988;1989;0,08;1180;4;2007;WD ;Normal;277000
2115;8883;Pave;SawyerW;1Fam;2Story;7;5;1988;1988;0,11;946;5;2007;WD ;Normal;207000
2116;159000;Pave;ClearCr;1Fam;1.5Fin;6;7;1958;2006;0,01;1444;6;2007;WD ;Normal;277000
2117;53107;Pave;ClearCr;1Fam;2Story;6;5;1992;1992;0,02;1079;6;2007;WD ;Normal;240000
2118;12205;Pave;ClearCr;1Fam;2Story;6;8;1966;2007;0,08;976;7;2007;WD ;Normal;187500
2119;20064;Pave;ClearCr;1Fam;1Story;8;6;1976;1976;0,09;1743;5;2007;WD ;Normal;279000
2120;14217;Pave;CollgCr;1Fam;1Story;5;5;1994;1994;0,07;1022;8;2007;WD ;Normal;139500
2121;8775;Pave;CollgCr;1Fam;1Story;5;5;1994;1994;0,11;990;4;2007;WD ;Normal;126000
2122;11249;Pave;CollgCr;1Fam;1Story;6;5;1995;1995;0,11;1200;8;2007;WD ;Normal;177500
2123;10021;Pave;CollgCr;1Fam;2Story;6;6;1997;2006;0,06;646;5;2007;WD ;Normal;175000
2124;9531;Pave;CollgCr;1Fam;2Story;6;5;1998;1998;0,09;882;5;2007;WD ;Normal;211000
2125;8428;Pave;CollgCr;1Fam;1Story;5;7;1994;1994;0,12;990;7;2007;WD ;Normal;146000
2126;16561;Pave;CollgCr;1Fam;1Story;5;5;1996;1996;0,07;1097;7;2007;WD ;Normal;147900
2127;8070;Pave;CollgCr;1Fam;1Story;4;5;1994;1995;0,12;990;8;2007;WD ;Normal;123600
2128;9337;Pave;CollgCr;1Fam;2Story;6;5;1997;1997;0,1;905;5;2007;WD ;Normal;204750
2129;10820;Pave;CollgCr;1Fam;2Story;7;5;1999;1999;0,09;988;3;2007;WD ;Normal;235500
2130;12352;Pave;CollgCr;1Fam;2Story;7;5;1998;1999;0,07;853;3;2007;WD ;Normal;217000
2131;9543;Pave;CollgCr;1Fam;2Story;7;5;2001;2001;0,09;845;2;2007;WD ;Normal;190550
2132;8826;Pave;CollgCr;1Fam;2Story;7;5;2000;2000;0,11;985;7;2007;WD ;Normal;217500
2133;10665;Pave;CollgCr;1Fam;1Story;7;5;2003;2003;0,14;1479;6;2007;WD ;Normal;226000
2134;11317;Pave;CollgCr;1Fam;2Story;7;5;2003;2003;0,07;840;9;2007;WD ;Normal;180000
2135;11800;Pave;CollgCr;1Fam;1Story;5;5;1974;1974;0,08;894;8;2007;WD ;Family;131000
2136;8660;Pave;CollgCr;1Fam;SLvl;5;5;1976;1976;0,12;1025;7;2007;WD ;Normal;153500
2137;9720;Pave;CollgCr;1Fam;SLvl;5;7;1977;1977;0,1;1009;6;2007;WD ;Normal;160000
2138;8982;Pave;CollgCr;1Fam;1Story;5;5;1977;1977;0,12;1040;1;2007;WD ;Normal;134900
2139;16300;Pave;CollgCr;1Fam;1Story;5;4;1977;1977;0,06;907;1;2007;WD ;Normal;130000
2140;9675;Pave;CollgCr;1Fam;1Story;5;6;1975;1975;0,09;879;9;2007;Con;Normal;120000
2141;7700;Pave;CollgCr;1Fam;1Story;5;5;1972;1972;0,11;882;3;2007;WD ;Normal;112500
2142;10356;Pave;CollgCr;1Fam;1Story;5;6;1975;1975;0,09;969;1;2007;WD ;Normal;122000
2143;7200;Pave;CollgCr;1Fam;1Story;5;5;1972;2000;0,12;864;9;2007;WD ;Normal;127000
2144;7200;Pave;CollgCr;1Fam;1Story;4;8;1972;2006;0,12;875;10;2007;WD ;Normal;117000
2145;10386;Pave;CollgCr;1Fam;1Story;8;5;2004;2005;0,19;2000;7;2007;WD ;Normal;305900
2146;9375;Pave;CollgCr;1Fam;2Story;8;5;2002;2002;0,14;1284;8;2007;WD ;Normal;228500
2147;11354;Pave;CollgCr;1Fam;1Story;7;5;2000;2000;0,15;1673;1;2007;WD ;Normal;270000
2148;8749;Pave;CollgCr;1Fam;1Story;7;5;2002;2002;0,17;1459;9;2007;WD ;Normal;192000
2149;8749;Pave;CollgCr;1Fam;2Story;7;5;2003;2003;0,11;992;6;2007;WD ;Normal;213000
2150;8158;Pave;CollgCr;1Fam;2Story;7;5;2002;2002;0,11;860;8;2007;WD ;Normal;200000
2151;16226;Pave;CollgCr;1Fam;2Story;8;5;1998;1999;0,07;1210;5;2007;WD ;Normal;267000
2152;11927;Pave;CollgCr;1Fam;1Story;8;5;1994;1995;0,13;1592;6;2007;WD ;Normal;228000
2153;12728;Pave;CollgCr;1Fam;2Story;8;5;2001;2001;0,12;1531;1;2007;WD ;Normal;275000
2154;15295;Pave;CollgCr;1Fam;2Story;7;5;1996;2002;0,08;1212;6;2007;WD ;Normal;211000
2155;11248;Pave;CollgCr;1Fam;1Story;9;5;2002;2002;0,15;1668;7;2007;WD ;Normal;285000
2156;10000;Pave;CollgCr;1Fam;2Story;8;5;1995;1996;0,12;1220;12;2007;WD ;Normal;240000
2157;4435;Pave;CollgCr;TwnhsE;1Story;6;5;2003;2003;0,19;848;11;2007;WD ;Normal;131500
2158;17227;Pave;CollgCr;1Fam;1Story;8;5;1999;2000;0,08;1341;1;2007;WD ;Normal;246900
2159;8200;Pave;CollgCr;1Fam;2Story;7;5;2003;2004;0,1;847;7;2007;WD ;Normal;219500
2160;8450;Pave;CollgCr;1Fam;1Story;7;5;2003;2003;0,16;1337;10;2007;WD ;Normal;185000
2161;8145;Pave;CollgCr;1Fam;2Story;7;5;2007;2007;0,09;738;6;2007;New;Partial;179400
2162;9245;Pave;CollgCr;1Fam;2Story;7;5;2006;2006;0,1;939;4;2007;WD ;Normal;213500
2163;8500;Pave;CollgCr;1Fam;1Story;7;5;2004;2004;0,17;1422;11;2007;WD ;Normal;179600
2164;8769;Pave;CollgCr;1Fam;1Story;7;5;2005;2005;0,14;1190;10;2007;WD ;Normal;173500
2165;8334;Pave;CollgCr;1Fam;1Story;6;5;2006;2007;0,16;1330;7;2007;New;Partial;167840
2166;8333;Pave;CollgCr;1Fam;2Story;7;5;2006;2006;0,09;738;5;2007;WD ;Normal;168675
2167;9045;Pave;CollgCr;1Fam;2Story;5;5;2005;2005;0,08;768;6;2007;WD ;Normal;167000
2168;9170;Pave;Edwards;1Fam;1Story;5;7;1965;1965;0,13;1214;4;2007;WD ;Normal;140000
2169;9825;Pave;Edwards;1Fam;SFoyer;5;5;1967;1967;0,1;936;8;2007;WD ;Abnorml;118500
2170;8308;Pave;Edwards;1Fam;1Story;4;6;1963;1963;0,13;1088;6;2007;COD;Normal;110000
2171;10921;Pave;Edwards;1Fam;1Story;4;5;1965;1965;0,09;960;5;2007;WD ;Normal;94750
2172;16287;Pave;Edwards;1Fam;1.5Fin;5;6;1925;1950;0,06;901;7;2007;WD ;Normal;122000
2173;8240;Pave;Edwards;1Fam;1Story;6;6;1960;1960;0,14;1179;6;2007;WD ;Normal;110000
2174;11841;Grvl;Edwards;Duplex;SFoyer;6;5;1990;1990;0,07;816;5;2007;WD ;Normal;118500
2175;6285;Pave;Edwards;1Fam;SLvl;6;6;1976;1976;0,17;1044;4;2007;WD ;Normal;133500
2176;7917;Pave;Edwards;1Fam;1Story;6;7;1976;1976;0,14;1113;5;2007;WD ;Normal;148000
2177;9555;Pave;Edwards;Duplex;2Story;5;6;1979;1979;0,12;1100;2;2007;WD ;Normal;141000
2178;8536;Pave;Edwards;1Fam;1Story;5;5;2006;2007;0,13;1125;4;2007;New;Partial;155000
2179;7024;Pave;Edwards;1Fam;1Story;5;5;2005;2006;0,16;1090;6;2007;WD ;Normal;157000
2180;7023;Pave;Edwards;1Fam;2Story;5;5;2005;2006;0,1;734;5;2007;WD ;Normal;171500
2181;39290;Pave;Edwards;1Fam;1Story;10;5;2008;2009;0,13;5095;10;2007;New;Partial;183850
2182;40094;Pave;Edwards;1Fam;2Story;10;5;2007;2008;0,08;3138;10;2007;New;Partial;184750
2183;3675;Pave;Edwards;TwnhsE;SFoyer;6;5;2005;2005;0,29;1072;5;2007;WD ;Normal;140000
2184;6400;Pave;Edwards;1Fam;1Story;5;7;1959;2000;0,15;960;12;2007;WD ;Normal;131750
2185;6882;Pave;Edwards;Duplex;1Story;4;3;1955;1955;0,17;1152;9;2007;WD ;Normal;61500
2186;10215;Pave;Edwards;1Fam;1Story;4;5;1954;1954;0,09;948;2;2007;WD ;Normal;111000
2187;8741;Pave;Edwards;Duplex;1Story;5;6;1946;1950;0,14;1195;7;2007;WD ;Abnorml;98500
2188;4270;Pave;Edwards;1Fam;1Story;3;6;1931;2006;0,18;774;5;2007;WD ;Normal;79000
2189;10042;Pave;Edwards;1Fam;1.5Fin;6;8;1920;1995;0,07;740;8;2007;WD ;Normal;108500
2190;9450;Pave;Edwards;1Fam;1Story;4;5;1954;1954;0,09;894;5;2007;WD ;Abnorml;110000
2191;11767;Pave;Edwards;1Fam;2Story;4;7;1910;2000;0,07;796;5;2007;WD ;Normal;112000
2192;8172;Pave;Edwards;1Fam;1Story;4;5;1955;1955;0,09;768;7;2007;WD ;Normal;125000
2193;8172;Pave;Edwards;1Fam;1Story;4;5;1955;1955;0,11;864;10;2007;COD;Family;79275
2194;8190;Pave;Edwards;1Fam;1Story;4;6;1954;1954;0,12;948;10;2007;WD ;Normal;119000
2195;10896;Pave;SWISU;2fmCon;2.5Fin;6;7;1914;1995;0,13;1440;3;2007;WD ;Abnorml;200000
2196;10890;Pave;SWISU;Duplex;2Story;5;6;1923;1950;0,12;1296;1;2007;WD ;AdjLand;150000
2197;10592;Pave;Crawfor;1Fam;2Story;6;7;1923;1996;0,08;900;8;2007;WD ;Normal;165000
2198;10594;Pave;Crawfor;1Fam;1.5Unf;5;5;1926;1950;0,07;789;6;2007;WD ;Normal;96500
2199;7223;Pave;Crawfor;1Fam;1Story;5;5;1926;1950;0,2;1422;4;2007;WD ;Normal;136500
2200;6821;Pave;Crawfor;1Fam;1.5Fin;6;7;1921;2005;0,11;759;8;2007;WD ;Normal;146500
2201;7200;Pave;SWISU;1Fam;1.5Fin;5;7;1937;1950;0,14;981;6;2007;WD ;Normal;175000
2202;4000;Pave;Crawfor;1Fam;2Story;7;8;1930;1995;0,14;567;6;2007;WD ;Normal;148500
2203;6720;Pave;Crawfor;1Fam;2Story;6;7;1921;1950;0,13;851;4;2007;CWD;Normal;141500
2204;7642;Pave;Crawfor;1Fam;1.5Fin;7;8;1918;1998;0,12;912;6;2007;WD ;Normal;189950
2205;7155;Pave;Crawfor;1Fam;2Story;6;8;1926;1991;0,1;686;7;2007;WD ;Normal;135000
2206;7128;Pave;Crawfor;1Fam;2.5Unf;7;5;1941;1950;0,13;918;8;2007;WD ;Normal;164000
2207;4280;Pave;Crawfor;1Fam;1Story;5;6;1913;2002;0,16;694;3;2007;WD ;Normal;90350
2208;5362;Pave;Crawfor;1Fam;1.5Fin;5;6;1910;2003;0,12;661;11;2007;WD ;Normal;139000
2209;6305;Pave;Crawfor;1Fam;1Story;5;7;1938;1950;0,15;954;6;2007;WD ;Normal;119750
2210;7136;Pave;Crawfor;Duplex;2Story;6;6;1946;1950;0,14;979;8;2007;WD ;Normal;145000
2211;6270;Pave;Crawfor;Duplex;2Story;5;6;1949;1950;0,16;1001;8;2007;WD ;Normal;145000
2212;7230;Pave;Crawfor;1Fam;2.5Unf;7;7;1927;1992;0,12;867;10;2007;WD ;Normal;238000
2213;13108;Pave;Crawfor;1Fam;1Story;5;5;1951;1951;0,09;1226;6;2007;WD ;Normal;153500
2214;22420;Pave;Crawfor;1Fam;2Story;6;6;1918;1950;0,06;1370;11;2007;WD ;Normal;239000
2215;12168;Pave;Crawfor;1Fam;2Story;8;6;1934;1998;0,16;1940;9;2007;WD ;Alloca;359100
2216;7810;Pave;Crawfor;1Fam;1.5Fin;4;6;1930;2003;0,16;1230;11;2007;WD ;Normal;188000
2217;11275;Pave;Crawfor;1Fam;1.5Fin;6;7;1932;1950;0,1;1096;3;2007;WD ;Normal;220000
2218;6221;Pave;Crawfor;2fmCon;1.5Fin;5;5;1941;1950;0,12;760;10;2007;WD ;Normal;140000
2219;10570;Pave;Crawfor;1Fam;2Story;8;8;1932;1994;0,15;1549;12;2007;WD ;Normal;315000
2220;7259;Pave;Crawfor;1Fam;2Story;6;8;1945;2002;0,2;1436;7;2007;WD ;Normal;259500
2221;14442;Pave;Crawfor;1Fam;1Story;6;7;1957;2004;0,13;1839;6;2007;WD ;Normal;257500
2222;13125;Pave;Crawfor;1Fam;2Story;7;6;1940;1984;0,07;960;7;2007;CWD;Normal;219500
2223;21000;Pave;Crawfor;1Fam;1Story;6;5;1953;1953;0,11;2259;10;2007;COD;Abnorml;217000
2224;25485;Pave;Crawfor;1Fam;1Story;6;4;1960;1960;0,06;1560;5;2007;WD ;Normal;201000
2225;21579;Pave;Crawfor;1Fam;1Story;6;6;1968;1968;0,07;1488;9;2007;CWD;Normal;215000
2226;1782;Pave;Blueste;Twnhs;2Story;6;6;1980;1980;0,3;529;12;2007;WD ;Normal;123900
2227;17871;Pave;Crawfor;1Fam;1Story;4;5;1995;1996;0,09;1680;6;2007;WD ;Normal;170000
2228;3907;Pave;Blueste;TwnhsE;1Story;8;5;1988;1988;0,26;1020;3;2007;WD ;Normal;200000
2229;20693;Pave;Crawfor;1Fam;1Story;7;5;1971;1971;0,08;1696;2;2007;WD ;Normal;198000
2230;32668;Pave;Crawfor;1Fam;1Story;6;3;1957;1975;0,08;2515;3;2007;WD ;Alloca;200624
2231;18044;Pave;Crawfor;1Fam;1Story;8;5;1986;1986;0,15;2726;8;2007;WD ;Normal;315000
2232;8500;Pave;IDOTRR;1Fam;1.5Fin;5;7;1919;2005;0,12;997;8;2007;WD ;Normal;115000
2233;7000;Pave;IDOTRR;1Fam;1.5Fin;6;7;1940;1950;0,1;720;5;2007;WD ;Normal;141000
2234;5000;Pave;IDOTRR;1Fam;1.5Unf;5;6;1941;1950;0,16;803;12;2007;WD ;Normal;87000
2235;7288;Pave;IDOTRR;1Fam;1.5Fin;5;7;1925;2003;0,13;936;9;2007;WD ;Normal;129850
2236;6060;Pave;IDOTRR;1Fam;1.5Fin;4;5;1939;1950;0,13;772;6;2007;WD ;Normal;100000
2237;9060;Pave;IDOTRR;1Fam;2Story;5;6;1923;1999;0,1;942;3;2007;WD ;Alloca;150909
2238;3672;Pave;IDOTRR;1Fam;1Story;5;7;1922;1950;0,22;816;9;2007;WD ;Normal;75200
2239;8263;Pave;IDOTRR;1Fam;1Story;6;5;1920;1950;0,12;1012;5;2007;WD ;Normal;118400
2240;8967;Pave;IDOTRR;1Fam;1Story;5;2;1920;1950;0,12;1077;11;2007;WD ;Abnorml;67000
2241;13710;Pave;IDOTRR;1Fam;1.5Fin;5;5;1950;1950;0,07;910;6;2007;WD ;Normal;152000
2242;11067;Pave;IDOTRR;1Fam;1.5Fin;2;4;1939;1950;0,06;640;3;2007;WD ;Normal;68104
2243;8250;Pave;IDOTRR;2fmCon;2Story;5;6;1895;2006;0,13;1034;6;2007;WD ;Normal;119600
2244;6565;Pave;IDOTRR;1Fam;1Story;4;6;1957;1980;0,16;1073;8;2007;WD ;Abnorml;140000
2245;6060;Pave;IDOTRR;1Fam;1Story;5;9;1930;2007;0,17;1001;11;2007;WD ;Normal;124900
2246;5568;Pave;Crawfor;TwnhsE;1Story;8;5;2006;2007;0,29;1625;10;2007;New;Partial;375000
2247;4750;Pave;Crawfor;TwnhsE;1Story;8;5;2006;2007;0,34;1625;12;2007;WD ;Family;235000
2248;12150;Pave;Mitchel;1Fam;SFoyer;6;6;1979;1979;0,11;1299;1;2007;WD ;Normal;183500
2249;7540;Pave;Mitchel;1Fam;SFoyer;6;6;1978;1978;0,12;912;6;2007;WD ;Normal;156000
2250;9187;Pave;Mitchel;1Fam;1Story;6;5;1983;1983;0,12;1080;6;2007;WD ;Normal;134000
2251;10000;Pave;Mitchel;1Fam;1Story;5;5;2002;2002;0,14;1392;12;2007;WD ;Normal;215000
2252;12864;Pave;Mitchel;1Fam;1Story;7;5;2002;2002;0,11;1409;7;2007;WD ;Normal;245000
2253;9928;Pave;Mitchel;1Fam;1Story;7;5;1991;1992;0,15;1478;5;2007;WD ;Normal;210000
2254;8750;Pave;Mitchel;1Fam;SLvl;7;6;1975;1975;0,1;918;3;2007;WD ;Normal;148000
2255;8410;Pave;Mitchel;1Fam;SFoyer;6;6;1974;1974;0,12;1026;4;2007;WD ;Normal;143000
2256;4054;Pave;Timber;TwnhsE;1Story;7;6;1987;1987;0,37;1501;10;2007;WD ;Normal;244000
2257;9763;Pave;GrnHill;TwnhsE;1Story;7;5;1998;1998;0,15;1502;9;2007;WD ;Normal;330000
2258;16905;Pave;Timber;1Fam;1Story;5;6;1959;1959;0,08;1328;7;2007;WD ;Normal;170000
2259;19958;Pave;Timber;1Fam;1Story;6;8;1958;1995;0,11;2279;7;2007;WD ;Normal;257000
2260;8368;Pave;Timber;1Fam;1Story;7;5;2006;2007;0,2;1689;4;2007;New;Partial;231713
2261;8298;Pave;Timber;1Fam;1Story;8;5;2006;2007;0,19;1564;9;2007;New;Partial;267300
2262;9037;Pave;Timber;1Fam;1Story;8;5;2006;2006;0,16;1484;12;2007;WD ;Normal;265900
2263;10991;Pave;Timber;1Fam;1Story;8;5;2007;2007;0,14;1571;12;2007;New;Partial;239000
2264;10656;Pave;Timber;1Fam;1Story;8;5;2006;2007;0,15;1646;11;2007;New;Partial;248900
2265;10331;Pave;Timber;1Fam;1Story;7;7;1985;1985;0,12;1240;7;2007;WD ;Normal;174000
2266;13758;Pave;Timber;1Fam;1.5Fin;7;5;1990;1991;0,09;1187;4;2007;WD ;Normal;187500
2267;9303;Pave;Timber;1Fam;2Story;6;5;1996;1997;0,1;888;7;2007;WD ;Normal;204000
2268;6718;Pave;Timber;1Fam;1Story;8;5;2001;2001;0,2;1312;1;2007;WD ;Normal;180500
2269;9590;Pave;Timber;1Fam;SLvl;7;5;2003;2003;0,12;1146;5;2007;WD ;Normal;187500
2270;11305;Pave;Timber;1Fam;1Story;8;5;2002;2002;0,17;1922;4;2007;WD ;Normal;282000
2271;7777;Pave;Timber;1Fam;1Story;6;5;1996;1996;0,19;1491;11;2007;WD ;Normal;178000
2272;14536;Pave;Timber;1Fam;1Story;8;5;2002;2003;0,11;1629;11;2007;WD ;Normal;270000
2273;11800;Pave;Timber;1Fam;2Story;7;5;2003;2004;0,1;1146;7;2007;WD ;Normal;279900
2274;35133;Grvl;Timber;1Fam;1Story;5;4;1963;1963;0,04;1572;5;2007;WD ;Normal;186700
2275;15306;Pave;Timber;1Fam;1Story;8;5;2006;2007;0,12;1776;5;2007;New;Partial;283463
2276;12633;Pave;Timber;1Fam;1Story;10;5;2006;2007;0,14;1824;9;2007;New;Partial;392000
2277;12665;Pave;Timber;1Fam;2Story;8;5;2005;2006;0,09;1133;2;2007;WD ;Normal;281213
2278;8402;Pave;Mitchel;1Fam;1Story;5;5;2007;2007;0,13;1120;12;2007;New;Partial;147000
2279;43500;Pave;Mitchel;1Fam;1Story;3;5;1953;1953;0,05;2034;6;2007;WD ;Normal;130000
2280;6710;Pave;Mitchel;TwnhsE;SFoyer;6;5;1996;1997;0,14;936;6;2007;WD ;Normal;140000
2281;25286;Pave;Mitchel;1Fam;1Story;4;5;1963;1963;0,04;1040;1;2007;WD ;Normal;132250
2282;25000;Pave;Mitchel;Duplex;1Story;5;4;1967;1967;0,07;1632;6;2007;WD ;Normal;143000
2283;32463;Pave;Mitchel;2fmCon;1Story;4;4;1961;1975;0,05;1622;3;2007;WD ;Normal;168000
2284;4224;Pave;MeadowV;TwnhsE;1Story;5;7;1976;1976;0,25;1060;6;2007;WD ;Normal;129900
2285;4224;Pave;MeadowV;TwnhsE;1Story;5;5;1976;1976;0,27;1142;8;2007;WD ;Normal;134000
2286;1504;Pave;MeadowV;Twnhs;2Story;4;4;1972;1972;0,36;546;5;2007;WD ;Normal;85500
2287;1533;Pave;MeadowV;Twnhs;SLvl;4;5;1970;1970;0,35;530;7;2007;WD ;Normal;106500
2288;1495;Pave;MeadowV;TwnhsE;2Story;4;6;1970;1970;0,37;546;5;2007;WD ;Normal;93900
2289;2001;Pave;MeadowV;Twnhs;2Story;4;5;1970;1970;0,27;546;1;2007;WD ;Normal;75000
2290;1936;Pave;MeadowV;Twnhs;SFoyer;4;6;1970;1970;0,33;630;12;2007;WD ;Normal;84500
2291;1890;Pave;MeadowV;Twnhs;2Story;4;3;1976;1976;0,29;546;4;2007;COD;Normal;75190
2292;11333;Pave;Mitchel;1Fam;SLvl;6;5;1976;1976;0,09;1062;5;2007;WD ;Normal;146800
2293;9129;Pave;Mitchel;1Fam;SFoyer;5;5;1977;1977;0,11;1008;7;2007;WD ;Normal;153500
2294;15957;Pave;Mitchel;1Fam;SLvl;6;6;1977;1977;0,08;1356;9;2007;WD ;Normal;188000
2295;33983;Pave;Mitchel;1Fam;1Story;5;6;1977;1994;0,05;1676;5;2007;WD ;Normal;196000
2296;8286;Pave;Mitchel;1Fam;2Story;5;7;1977;1977;0,09;716;6;2007;WD ;Normal;157000
2297;6723;Pave;Mitchel;1Fam;SFoyer;5;7;1971;1971;0,12;796;9;2007;WD ;Normal;138000
2298;7244;Pave;Mitchel;1Fam;SFoyer;5;7;1970;1970;0,11;768;4;2007;WD ;Normal;129500
2299;27697;Pave;Mitchel;1Fam;1Story;4;3;1961;1961;0,06;1608;11;2007;COD;Abnorml;80000
2300;7599;Pave;Mitchel;1Fam;1Story;4;6;1982;2006;0,11;845;6;2007;WD ;Normal;129500
2301;11000;Pave;Mitchel;1Fam;1Story;5;6;1976;2003;0,11;1178;6;2007;WD ;Normal;135000
2302;8314;Pave;Mitchel;1Fam;1Story;5;7;1982;1982;0,1;816;6;2007;WD ;Normal;124500
2303;11625;Pave;Mitchel;1Fam;1Story;5;7;1983;1983;0,07;816;5;2007;WD ;Normal;139000
2304;10712;Pave;Mitchel;1Fam;1Story;5;5;1991;1992;0,09;974;9;2007;Oth;Abnorml;93500
2305;10447;Pave;Mitchel;1Fam;1Story;5;6;1984;1984;0,08;887;12;2007;WD ;Normal;124500
2306;11027;Pave;NAmes;1Fam;1Story;6;5;1954;1954;0,12;1293;5;2006;WD ;Normal;149900
2307;10533;Pave;NAmes;1Fam;1Story;6;6;1956;1956;0,1;1024;8;2006;WD ;Normal;157500
2308;11765;Pave;NAmes;1Fam;1Story;5;5;1957;1957;0,15;1797;6;2006;WD ;Normal;169000
2309;39384;Pave;NAmes;1Fam;1Story;6;6;1957;1957;0,04;1390;10;2006;WD ;Abnorml;252000
2310;11727;Pave;NAmes;1Fam;1Story;7;6;1969;1969;0,16;1851;3;2006;WD ;Normal;192100
2311;8238;Pave;Gilbert;1Fam;2Story;6;5;1997;1998;0,1;813;5;2006;WD ;Normal;183500
2312;13006;Pave;Gilbert;1Fam;2Story;7;5;1997;1997;0,08;993;11;2006;WD ;Normal;222000
2313;13041;Pave;Gilbert;1Fam;2Story;6;5;1995;1995;0,06;781;2;2006;WD ;Normal;170000
2314;13031;Pave;Gilbert;1Fam;2Story;6;5;1995;1996;0,05;691;7;2006;WD ;Normal;187500
2315;9783;Pave;Gilbert;1Fam;2Story;6;5;1996;1996;0,08;821;5;2006;WD ;Normal;202000
2316;11207;Pave;Gilbert;1Fam;2Story;6;5;1997;1997;0,07;802;6;2006;WD ;Normal;185000
2317;19378;Pave;Gilbert;1Fam;2Story;7;5;2005;2006;0,07;1392;3;2006;New;Partial;320000
2318;14859;Pave;Gilbert;1Fam;1Story;7;5;2006;2006;0,11;1670;8;2006;New;Partial;240000
2319;13128;Pave;Gilbert;1Fam;2Story;8;5;2005;2005;0,08;1074;1;2006;WD ;Normal;250000
2320;10463;Pave;Gilbert;1Fam;2Story;8;5;2005;2005;0,09;901;6;2006;WD ;Normal;239900
2321;13751;Pave;Gilbert;1Fam;2Story;7;5;2005;2006;0,12;1700;5;2006;New;Partial;309000
2322;23257;Pave;Gilbert;1Fam;2Story;7;5;2006;2006;0,04;887;9;2006;New;Partial;274725
2323;13108;Pave;StoneBr;1Fam;2Story;8;5;1994;1994;0,16;2079;12;2006;WD ;Normal;270000
2324;8076;Pave;Gilbert;1Fam;1Story;6;6;1993;1994;0,14;1169;7;2006;WD ;Normal;183500
2325;7685;Pave;Gilbert;1Fam;2Story;6;5;1993;1994;0,09;697;5;2006;WD ;Normal;165600
2326;9084;Pave;Gilbert;1Fam;2Story;7;5;1998;1998;0,11;955;6;2006;WD ;Normal;176500
2327;3701;Pave;StoneBr;TwnhsE;1Story;8;5;1987;1987;0,33;1204;8;2006;WD ;Normal;130000
2328;5306;Pave;StoneBr;TwnhsE;2Story;7;7;1987;1987;0,2;1064;6;2006;WD ;Normal;239000
2329;6563;Pave;StoneBr;1Fam;1Story;8;5;1985;1985;0,27;1742;12;2006;WD ;Normal;275000
2330;16023;Pave;StoneBr;1Fam;2Story;9;5;2005;2006;0,09;1414;3;2006;New;Partial;457347
2331;18062;Pave;StoneBr;1Fam;2Story;10;5;2006;2006;0,08;1528;9;2006;New;Partial;545224
2332;12292;Pave;StoneBr;1Fam;2Story;9;5;2006;2006;0,09;1102;7;2006;New;Partial;356383
2333;16056;Pave;StoneBr;1Fam;2Story;9;5;2005;2006;0,12;1992;7;2006;New;Partial;556581
2334;12438;Pave;StoneBr;1Fam;2Story;8;5;2006;2006;0,1;1264;7;2006;New;Partial;361919
2335;16052;Pave;StoneBr;1Fam;2Story;10;5;2006;2006;0,12;1850;7;2006;New;Partial;535000
2336;15922;Pave;StoneBr;1Fam;2Story;9;5;2005;2006;0,09;1390;1;2006;New;Partial;401179
2337;13682;Pave;StoneBr;1Fam;2Story;10;5;2006;2006;0,1;1426;10;2006;New;Partial;438780
2338;14762;Pave;Gilbert;1Fam;2Story;5;6;1948;1950;0,1;1547;5;2006;WD ;Normal;169000
2339;34650;Pave;Gilbert;2fmCon;1Story;5;5;1955;1955;0,03;1056;1;2006;WD ;Normal;145000
2340;8147;Pave;StoneBr;TwnhsE;1Story;9;5;2005;2005;0,21;1714;8;2006;WD ;Normal;318000
2341;11302;Pave;StoneBr;1Fam;1Story;8;5;2005;2006;0,16;1826;8;2006;New;Partial;319000
2342;18261;Pave;StoneBr;1Fam;1Story;9;5;2005;2005;0,11;2000;9;2006;WD ;Normal;470000
2343;14145;Pave;NWAmes;1Fam;1Story;7;7;1984;1998;0,11;1621;5;2006;WD ;Normal;202500
2344;13837;Pave;NWAmes;1Fam;1.5Fin;7;5;1988;1988;0,1;1377;2;2006;WD ;Normal;229000
2345;16659;Pave;NWAmes;1Fam;2Story;7;7;1977;1994;0,09;1468;3;2006;WD ;Normal;235000
2346;18800;Pave;NWAmes;1Fam;2Story;6;5;1976;1976;0,04;790;7;2006;WD ;Normal;190000
2347;10464;Pave;NWAmes;1Fam;SFoyer;6;6;1980;1980;0,11;1102;6;2006;WD ;Normal;169000
2348;10400;Pave;NWAmes;1Fam;1Story;7;5;1988;1988;0,18;1872;6;2006;WD ;Normal;241500
2349;10530;Pave;NWAmes;1Fam;2Story;7;5;1978;1978;0,09;945;7;2006;WD ;Normal;188900
2350;10240;Pave;NWAmes;1Fam;1Story;6;6;1980;1980;0,16;1686;5;2006;WD ;Normal;207500
2351;16692;Pave;NWAmes;1Fam;2Story;7;5;1978;1978;0,08;1392;7;2006;WD ;Normal;250000
2352;11475;Pave;NWAmes;1Fam;2Story;6;6;1975;1975;0,07;811;2;2006;WD ;Normal;179900
2353;9927;Pave;NWAmes;1Fam;SFoyer;7;5;1976;1976;0,11;1083;7;2006;WD ;Normal;172000
2354;9512;Pave;Somerst;1Fam;2Story;7;5;2005;2006;0,1;960;6;2006;New;Partial;294323
2355;10530;Pave;NWAmes;1Fam;SLvl;6;6;1975;2000;0,11;1109;6;2006;WD ;Normal;184500
2356;10140;Pave;NWAmes;1Fam;1Story;5;6;1975;1975;0,11;1074;7;2006;WD ;Normal;153500
2357;10140;Pave;NWAmes;1Fam;2Story;7;5;1976;1976;0,08;832;3;2006;WD ;Normal;162900
2358;10140;Pave;NWAmes;1Fam;1Story;6;6;1974;1999;0,13;1309;1;2006;WD ;Normal;181000
2359;10000;Pave;NWAmes;1Fam;1Story;6;6;1974;1974;0,11;1103;6;2006;WD ;Normal;155000
2360;15870;Pave;NAmes;1Fam;1Story;5;5;1969;1969;0,07;1096;3;2006;WD ;Abnorml;138800
2361;9353;Pave;NAmes;1Fam;1Story;4;5;1970;1970;0,09;864;7;2006;Oth;Abnorml;116050
2362;8125;Pave;NAmes;1Fam;1Story;4;4;1971;1971;0,11;858;6;2006;WD ;Normal;88000
2363;7200;Pave;NAmes;1Fam;1Story;4;4;1971;1971;0,12;874;3;2006;WD ;Normal;97500
2364;8773;Pave;NAmes;TwnhsE;1Story;6;5;2002;2002;0,16;1419;9;2006;WD ;Normal;190000
2365;2760;Pave;BrDale;TwnhsE;2Story;6;5;1973;1973;0,19;525;12;2006;WD ;Normal;105500
2366;2160;Pave;BrDale;TwnhsE;2Story;5;6;1973;1973;0,35;765;6;2006;WD ;Normal;125500
2367;1953;Pave;BrDale;Twnhs;2Story;6;5;1973;1973;0,25;483;6;2006;WD ;Normal;83000
2368;1890;Pave;BrDale;Twnhs;2Story;6;7;1972;1972;0,26;494;7;2006;WD ;Normal;116000
2369;1680;Pave;BrDale;Twnhs;2Story;6;5;1971;1971;0,4;672;4;2006;WD ;Abnorml;91500
2370;1680;Pave;BrDale;Twnhs;2Story;6;7;1972;1972;0,4;672;5;2006;WD ;Normal;118000
2371;1680;Pave;BrDale;Twnhs;2Story;6;5;1972;1972;0,29;483;7;2006;WD ;Normal;89000
2372;1680;Pave;BrDale;Twnhs;2Story;6;5;1972;1972;0,31;525;10;2006;WD ;Normal;108000
2373;1680;Pave;BrDale;Twnhs;2Story;6;5;1972;1972;0,29;483;6;2006;WD ;Normal;94500
2374;4043;Pave;NPkVill;TwnhsE;1Story;6;5;1975;1975;0,26;1069;7;2006;WD ;Normal;146300
2375;7514;Pave;NAmes;1Fam;1Story;5;7;1967;1975;0,18;1387;9;2006;WD ;Normal;145000
2376;7838;Pave;NAmes;1Fam;SFoyer;5;5;1967;1967;0,11;900;12;2006;WD ;Normal;123000
2377;2280;Pave;NPkVill;Twnhs;1Story;7;7;1976;1976;0,46;1055;4;2006;WD ;Normal;137500
2378;2179;Pave;NPkVill;Twnhs;2Story;6;5;1976;1976;0,39;855;7;2006;WD ;Normal;144000
2379;16737;Pave;NridgHt;1Fam;1Story;9;5;2004;2005;0,12;1980;9;2006;WD ;Normal;315000
2380;16387;Pave;NridgHt;1Fam;2Story;9;5;2006;2006;0,11;1738;8;2006;New;Partial;412083
2381;16259;Pave;NridgHt;1Fam;2Story;9;5;2006;2006;0,08;1249;9;2006;New;Partial;342643
2382;16163;Pave;NridgHt;1Fam;1Story;8;5;2004;2004;0,1;1618;7;2006;WD ;Normal;252000
2383;13891;Pave;NridgHt;1Fam;1Story;10;5;2006;2006;0,15;2076;9;2006;New;Partial;465000
2384;12228;Pave;NridgHt;1Fam;1Story;7;5;2006;2006;0,14;1740;9;2006;New;Partial;293000
2385;14780;Pave;NridgHt;1Fam;1Story;9;5;2005;2005;0,13;1868;6;2006;WD ;Normal;415000
2386;16033;Pave;NridgHt;1Fam;1Story;9;5;2004;2005;0,12;1850;3;2006;WD ;Normal;326000
2387;14215;Pave;NridgHt;1Fam;2Story;8;5;2005;2006;0,08;1158;11;2006;New;Partial;325300
2388;13418;Pave;NridgHt;1Fam;2Story;8;5;2004;2005;0,08;1132;9;2006;WD ;Normal;309000
2389;13975;Pave;NridgHt;1Fam;2Story;9;5;2005;2006;0,08;1117;8;2006;New;Partial;300000
2390;10240;Pave;NridgHt;1Fam;2Story;8;5;2005;2005;0,1;1038;3;2006;WD ;Normal;275500
2391;9942;Pave;NridgHt;1Fam;2Story;9;5;2005;2006;0,16;1625;5;2006;New;Partial;338500
2392;11924;Pave;NridgHt;1Fam;2Story;9;5;2005;2006;0,1;1182;7;2006;New;Partial;345000
2393;12867;Pave;NridgHt;1Fam;2Story;8;5;2005;2006;0,09;1209;7;2006;New;Partial;344133
2394;10672;Pave;NridgHt;1Fam;2Story;8;5;2006;2006;0,1;1054;11;2006;New;Partial;298236
2395;11643;Pave;NridgHt;1Fam;2Story;8;5;2005;2006;0,13;1544;8;2006;New;Partial;329900
2396;12378;Pave;NridgHt;1Fam;1Story;9;5;2003;2004;0,16;1944;11;2006;WD ;Normal;360000
2397;11065;Pave;NridgHt;1Fam;2Story;8;5;2006;2006;0,1;1120;10;2006;New;Partial;281000
2398;13758;Pave;NridgHt;1Fam;1Story;9;5;2005;2006;0,13;1792;3;2006;New;Partial;372397
2399;14828;Pave;NridgHt;1Fam;1Story;9;5;2004;2005;0,12;1780;8;2006;WD ;Normal;378000
2400;11846;Pave;NridgHt;1Fam;1Story;9;5;2003;2004;0,15;1792;8;2006;WD ;Normal;374000
2401;20431;Pave;NridgHt;1Fam;2Story;9;5;2005;2006;0,09;1848;4;2006;New;Partial;437154
2402;10927;Pave;NridgHt;1Fam;2Story;8;5;2005;2005;0,1;1058;6;2006;WD ;Normal;275000
2403;13215;Pave;NridgHt;1Fam;2Story;8;5;2004;2004;0,11;1426;2;2006;WD ;Normal;279000
2404;7052;Pave;NridgHt;TwnhsE;1Story;7;5;2005;2005;0,19;1364;6;2006;WD ;Normal;185850
2405;5911;Pave;NridgHt;TwnhsE;1Story;9;5;2005;2005;0,26;1565;3;2006;WD ;Normal;282500
2406;6955;Pave;NridgHt;TwnhsE;1Story;7;5;2005;2006;0,2;1368;9;2006;New;Partial;202500
2407;6792;Pave;NridgHt;TwnhsE;1Story;7;5;2005;2006;0,2;1368;3;2006;New;Partial;202665
2408;7740;Pave;NridgHt;TwnhsE;1Story;9;5;2006;2006;0,22;1686;6;2006;New;Partial;332200
2409;6373;Pave;NridgHt;TwnhsE;1Story;9;5;2006;2006;0,26;1666;6;2006;New;Partial;310090
2410;3136;Pave;NridgHt;TwnhsE;1Story;7;5;2003;2003;0,45;1405;3;2006;WD ;Normal;171750
2411;10237;Pave;Gilbert;1Fam;1Story;6;5;2005;2006;0,13;1316;10;2006;New;Partial;169990
2412;10237;Pave;Gilbert;1Fam;2Story;6;5;2005;2006;0,07;728;2;2006;New;Partial;170440
2413;10237;Pave;Gilbert;1Fam;2Story;7;5;2006;2006;0,07;738;9;2006;New;Partial;169985
2414;17104;Pave;Gilbert;1Fam;2Story;7;5;2006;2006;0,04;664;9;2006;New;Partial;179665
2415;14054;Pave;Gilbert;1Fam;2Story;7;5;2006;2006;0,06;879;11;2006;New;Partial;219210
2416;11660;Pave;Gilbert;1Fam;1Story;6;5;2006;2006;0,11;1326;7;2006;New;Partial;174190
2417;15578;Pave;Gilbert;1Fam;2Story;6;5;2006;2006;0,05;728;5;2006;New;Partial;172785
2418;11631;Pave;Gilbert;1Fam;2Story;8;5;2004;2005;0,09;1052;6;2006;New;Partial;258000
2419;9073;Pave;Gilbert;1Fam;2Story;7;5;2006;2006;0,08;738;10;2006;New;Partial;185101
2420;3087;Pave;Blmngtn;TwnhsE;1Story;7;5;2006;2006;0,44;1364;11;2006;New;Partial;210250
2421;3196;Pave;Blmngtn;TwnhsE;1Story;7;5;2003;2004;0,49;1557;10;2006;WD ;Normal;234000
2422;3196;Pave;Blmngtn;TwnhsE;1Story;8;5;2003;2003;0,46;1456;5;2006;WD ;Normal;215000
2423;2938;Pave;Blmngtn;TwnhsE;1Story;7;5;2002;2002;0,51;1511;5;2006;WD ;Normal;246990
2424;3072;Pave;Blmngtn;TwnhsE;1Story;7;5;2004;2004;0,46;1414;5;2006;WD ;Normal;178740
2425;3072;Pave;Blmngtn;TwnhsE;1Story;7;5;2004;2004;0,5;1548;9;2006;WD ;Normal;225000
2426;3010;Pave;Blmngtn;TwnhsE;1Story;7;5;2005;2006;0,41;1248;3;2006;New;Partial;167240
2427;3010;Pave;Blmngtn;TwnhsE;1Story;7;5;2005;2006;0,38;1142;6;2006;New;Partial;156820
2428;3013;Pave;Blmngtn;TwnhsE;1Story;7;5;2005;2005;0,5;1506;4;2006;WD ;Normal;213490
2429;3982;Pave;Blmngtn;TwnhsE;1Story;8;5;2006;2006;0,39;1567;10;2006;New;Partial;264561
2430;4045;Pave;Blmngtn;TwnhsE;1Story;7;5;2006;2006;0,37;1500;10;2006;New;Partial;246578
2431;21930;Pave;Gilbert;1Fam;2Story;5;5;2005;2005;0,03;734;7;2006;WD ;Normal;192140
2432;7861;Pave;Gilbert;1Fam;2Story;6;5;2002;2003;0,1;807;6;2006;WD ;Normal;183200
2433;9056;Pave;Gilbert;1Fam;2Story;8;5;2004;2004;0,08;707;10;2006;WD ;Normal;178000
2434;9171;Pave;Gilbert;1Fam;2Story;7;5;2004;2005;0,09;848;7;2006;WD ;Normal;201490
2435;11194;Pave;Gilbert;1Fam;2Story;8;5;2000;2000;0,13;1454;11;2006;WD ;Normal;230500
2436;7875;Pave;Gilbert;1Fam;2Story;7;5;2003;2003;0,1;807;7;2006;WD ;Normal;180000
2437;8121;Pave;Gilbert;1Fam;2Story;6;5;2000;2000;0,12;953;1;2006;WD ;Normal;172400
2438;8658;Pave;Gilbert;1Fam;2Story;6;5;2000;2000;0,12;1008;4;2006;WD ;Normal;215000
2439;11214;Pave;Gilbert;1Fam;2Story;7;5;1998;1999;0,09;956;7;2006;WD ;Normal;199900
2440;10852;Pave;Gilbert;1Fam;2Story;6;5;2000;2000;0,09;959;2;2006;WD ;Normal;173000
2441;12104;Pave;Gilbert;1Fam;2Story;7;5;2006;2006;0,09;1082;8;2006;New;Partial;287602
2442;8738;Pave;Gilbert;1Fam;2Story;7;5;1999;1999;0,12;1005;2;2006;WD ;Normal;230000
2443;9452;Pave;NoRidge;1Fam;2Story;8;5;1997;1998;0,15;1407;6;2006;WD ;Normal;348000
2444;9660;Pave;NoRidge;1Fam;2Story;8;5;1998;1998;0,11;1079;2;2006;WD ;Normal;286000
2445;9545;Pave;NoRidge;1Fam;2Story;8;5;2000;2000;0,13;1205;6;2006;WD ;Normal;300000
2446;35760;Pave;NoRidge;1Fam;2Story;10;5;1995;1996;0,05;1831;7;2006;WD ;Normal;625000
2447;9233;Pave;NoRidge;1Fam;2Story;9;5;2000;2000;0,17;1540;3;2006;WD ;Normal;405000
2448;12011;Pave;NoRidge;1Fam;2Story;8;5;1998;1998;0,09;1086;6;2006;WD ;Normal;280000
2449;12090;Pave;NoRidge;1Fam;2Story;8;5;1998;1998;0,1;1165;7;2006;WD ;Abnorml;258000
2450;10019;Pave;NoRidge;1Fam;2Story;8;5;1995;1995;0,14;1358;6;2006;WD ;Normal;350000
2451;17242;Pave;NoRidge;1Fam;2Story;9;5;1993;1994;0,11;1933;5;2006;WD ;Normal;584500
2452;10236;Pave;NoRidge;1Fam;2Story;8;5;1994;1995;0,13;1305;6;2006;WD ;Normal;321000
2453;10120;Pave;NoRidge;1Fam;2Story;8;5;1994;1994;0,12;1203;12;2006;WD ;Normal;290000
2454;12585;Pave;NoRidge;1Fam;2Story;8;5;1993;1993;0,12;1565;10;2006;WD ;Normal;315000
2455;12447;Pave;Somerst;1Fam;2Story;8;5;2005;2006;0,09;1116;1;2006;New;Partial;252000
2456;15218;Pave;Somerst;1Fam;1Story;8;5;2006;2006;0,11;1670;9;2006;New;Partial;336820
2457;20896;Pave;Somerst;1Fam;1Story;8;5;2005;2006;0,1;2097;1;2006;New;Partial;423000
2458;10182;Pave;Somerst;1Fam;1Story;8;5;2006;2006;0,16;1660;5;2006;New;Partial;290000
2459;8688;Pave;Somerst;1Fam;1Story;7;5;2005;2005;0,19;1616;4;2006;WD ;Normal;232000
2460;10936;Pave;Somerst;1Fam;1Story;8;5;2006;2006;0,14;1504;9;2006;New;Partial;199000
2461;8640;Pave;Somerst;1Fam;1Story;8;5;2006;2006;0,15;1278;10;2006;New;Partial;198600
2462;13162;Pave;Somerst;1Fam;2Story;9;5;2006;2006;0,15;2036;11;2006;New;Partial;405749
2463;11216;Pave;Somerst;1Fam;1Story;8;5;2006;2006;0,13;1489;6;2006;New;Partial;232600
2464;10728;Pave;Somerst;1Fam;2Story;8;5;2006;2006;0,1;1095;8;2006;New;Partial;266000
2465;8125;Pave;Somerst;1Fam;2Story;7;5;2005;2006;0,09;756;3;2006;New;Partial;186500
2466;8125;Pave;Somerst;1Fam;2Story;6;5;2005;2005;0,11;858;2;2006;WD ;Normal;200825
2467;8125;Pave;Somerst;1Fam;2Story;7;5;2006;2006;0,1;778;8;2006;New;Partial;197000
2468;7200;Pave;Somerst;1Fam;1Story;6;5;2006;2006;0,18;1262;5;2006;New;Partial;185000
2469;7500;Pave;Somerst;1Fam;1Story;7;5;2005;2005;0,17;1266;4;2006;WD ;Normal;176000
2470;7200;Pave;Somerst;1Fam;1Story;7;5;2006;2006;0,18;1301;8;2006;New;Partial;187750
2471;7733;Pave;SawyerW;1Fam;1Story;6;5;2005;2005;0,15;1142;1;2006;WD ;Normal;139500
2472;11024;Pave;SawyerW;1Fam;1Story;7;5;2005;2006;0,13;1400;10;2006;New;Partial;186800
2473;13072;Pave;SawyerW;1Fam;1Story;6;5;2005;2006;0,09;1131;3;2006;New;Partial;132000
2474;13072;Pave;SawyerW;1Fam;1Story;6;5;2005;2005;0,09;1141;3;2006;WD ;Abnorml;142500
2475;13072;Pave;SawyerW;1Fam;1Story;6;5;2004;2004;0,09;1158;5;2006;New;Partial;158000
2476;7800;Pave;SawyerW;1Fam;2Story;7;5;2005;2005;0,11;891;4;2006;WD ;Normal;184000
2477;7632;Pave;SawyerW;1Fam;2Story;7;5;2005;2005;0,11;831;3;2006;WD ;Normal;184900
2478;8304;Pave;SawyerW;1Fam;2Story;6;5;1997;1998;0,11;941;7;2006;WD ;Normal;187000
2479;7153;Pave;SawyerW;1Fam;2Story;6;5;1992;1992;0,11;810;7;2006;WD ;Normal;175900
2480;9370;Pave;SawyerW;1Fam;2Story;6;5;1992;1993;0,09;844;10;2006;WD ;Family;248500
2481;7175;Pave;SawyerW;TwnhsE;1Story;6;5;1990;1991;0,19;1398;7;2006;WD ;Normal;172000
2482;7175;Pave;SawyerW;TwnhsE;1Story;6;5;1991;1991;0,17;1217;6;2006;WD ;Normal;151000
2483;9019;Pave;SawyerW;1Fam;2Story;6;5;1994;1994;0,07;636;7;2006;WD ;Normal;150000
2484;8900;Pave;SawyerW;1Fam;1Story;4;4;1966;1966;0,12;1056;11;2006;WD ;Normal;107000
2485;7800;Pave;SawyerW;1Fam;1Story;5;5;1965;1965;0,12;965;7;2006;WD ;Abnorml;119900
2486;9100;Pave;Sawyer;1Fam;1Story;5;4;1962;1962;0,11;988;7;2006;WD ;Normal;129500
2487;9100;Pave;Sawyer;Duplex;1Story;5;5;1963;1963;0,19;1728;11;2006;ConLI;Abnorml;125000
2488;8927;Pave;Sawyer;Duplex;1.5Fin;6;6;1977;1977;0,14;1286;8;2006;WD ;Normal;119500
2489;9240;Pave;Sawyer;1Fam;1Story;5;6;1962;2002;0,13;1211;3;2006;WD ;Normal;144000
2490;8471;Pave;Sawyer;1Fam;SLvl;6;7;1977;1995;0,14;1212;7;2006;WD ;Normal;151000
2491;9308;Pave;Sawyer;1Fam;1Story;5;5;1965;1965;0,11;984;7;2006;WD ;Normal;126000
2492;8450;Pave;Sawyer;1Fam;1Story;5;6;1968;1968;0,11;909;11;2006;COD;Normal;116000
2493;8638;Pave;Sawyer;1Fam;1Story;5;6;1963;1963;0,11;925;10;2006;WD ;Normal;133500
2494;13052;Pave;Sawyer;1Fam;1Story;5;6;1965;1965;0,08;1024;1;2006;WD ;Normal;120875
2495;13526;Pave;Sawyer;1Fam;1Story;5;6;1965;1965;0,07;935;11;2006;WD ;Normal;137000
2496;8020;Pave;Sawyer;1Fam;1Story;5;6;1964;1964;0,11;912;4;2006;WD ;Normal;124000
2497;6993;Pave;Sawyer;1Fam;1Story;5;7;1961;1994;0,18;1236;6;2006;WD ;Normal;135000
2498;8789;Pave;Sawyer;1Fam;1Story;5;6;1967;1967;0,11;941;6;2006;WD ;Normal;129200
2499;14330;Pave;Veenker;1Fam;SLvl;7;4;1974;1974;0,15;2151;1;2006;WD ;Normal;260000
2500;16059;Pave;NoRidge;1Fam;2Story;8;5;1991;1992;0,08;1301;4;2006;WD ;Normal;260000
2501;11025;Pave;NoRidge;1Fam;2Story;8;5;1992;1993;0,14;1520;10;2006;WD ;Normal;334000
2502;14541;Pave;NoRidge;1Fam;2Story;8;7;1993;1993;0,09;1352;11;2006;WD ;Abnorml;310000
2503;13346;Pave;NoRidge;1Fam;2Story;7;5;1992;2000;0,09;1166;7;2006;WD ;Normal;268000
2504;12461;Pave;NoRidge;1Fam;1Story;8;5;1994;1995;0,13;1624;7;2006;WD ;Normal;262000
2505;3628;Pave;Somerst;TwnhsE;1Story;7;5;2004;2004;0,32;1143;5;2006;WD ;Normal;176400
2506;3316;Pave;Somerst;TwnhsE;1Story;8;5;2005;2005;0,38;1247;4;2006;WD ;Normal;197000
2507;3180;Pave;Somerst;TwnhsE;2Story;7;5;2005;2005;0,16;520;6;2006;WD ;Normal;151000
2508;2544;Pave;Somerst;Twnhs;2Story;7;5;2005;2005;0,2;520;7;2006;WD ;Normal;147400
2509;2544;Pave;Somerst;Twnhs;2Story;7;5;2005;2005;0,2;520;7;2006;WD ;Normal;149900
2510;3180;Pave;Somerst;TwnhsE;2Story;7;5;2005;2005;0,16;520;4;2006;WD ;Abnorml;144152
2511;2998;Pave;Somerst;TwnhsE;2Story;6;5;2000;2000;0,26;768;6;2006;WD ;Normal;166000
2512;3735;Pave;Somerst;TwnhsE;2Story;7;5;1999;1999;0,19;713;3;2006;WD ;Normal;183900
2513;2651;Pave;Somerst;Twnhs;2Story;7;5;2000;2000;0,25;673;4;2006;WD ;Normal;165000
2514;4447;Pave;Somerst;TwnhsE;2Story;7;5;2003;2003;0,12;530;7;2006;WD ;Normal;139000
2515;8314;Pave;Somerst;1Fam;2Story;7;5;1997;1998;0,1;854;11;2006;WD ;Normal;200000
2516;7180;Pave;Somerst;1Fam;1Story;8;5;2001;2002;0,22;1568;9;2006;WD ;Normal;221000
2517;9549;Pave;Veenker;TwnhsE;1Story;8;5;1995;1996;0,16;1494;4;2006;WD ;Normal;270000
2518;11250;Pave;Veenker;1Fam;1Story;6;6;1977;1977;0,11;1208;6;2006;WD ;Normal;165000
2519;3760;Pave;Greens;Twnhs;1Story;8;5;1980;1980;0,33;1235;5;2006;WD ;Normal;214000
2520;3640;Pave;Greens;Twnhs;1Story;8;5;1980;1980;0,28;1036;9;2006;WD ;Normal;188000
2521;3874;Pave;Greens;TwnhsE;1Story;8;5;1980;1980;0,32;1226;7;2006;WD ;Normal;190000
2522;3876;Pave;Greens;Twnhs;1Story;8;5;1978;1978;0,32;1226;7;2006;WD ;Normal;170000
2523;50271;Pave;Veenker;1Fam;1Story;9;5;1981;1987;0,04;1842;11;2006;WD ;Normal;385000
2524;13110;Pave;NWAmes;2fmCon;1Story;5;6;1972;1972;0,09;1193;7;2006;WD ;Normal;146500
2525;10192;Pave;NWAmes;1Fam;SLvl;7;6;1968;1992;0,12;1222;9;2006;WD ;Normal;170000
2526;20781;Pave;NWAmes;1Fam;1Story;7;7;1968;2003;0,1;2156;6;2006;WD ;Normal;262500
2527;11700;Pave;NWAmes;1Fam;2Story;6;6;1968;1968;0,06;708;5;2006;WD ;Normal;179900
2528;11029;Pave;NWAmes;1Fam;2Story;6;7;1968;1984;0,14;1512;8;2006;WD ;Normal;250000
2529;10400;Pave;NWAmes;1Fam;2Story;6;5;1972;1972;0,1;1012;11;2006;WD ;Normal;165150
2530;10140;Pave;NWAmes;1Fam;1Story;7;6;1967;1967;0,13;1334;4;2006;WD ;Normal;164500
2531;9600;Pave;NWAmes;1Fam;1Story;7;5;1969;1969;0,12;1164;7;2006;COD;Normal;140000
2532;9750;Pave;NAmes;1Fam;SLvl;5;5;1967;1967;0,1;980;10;2006;WD ;Normal;135500
2533;9600;Pave;NAmes;1Fam;1Story;5;5;1968;1968;0,11;1051;7;2006;WD ;Normal;142000
2534;8640;Pave;NAmes;1Fam;2Story;5;5;1968;1968;0,1;884;6;2006;WD ;Normal;155000
2535;9360;Pave;NAmes;1Fam;1Story;6;7;1968;2004;0,1;976;8;2006;WD ;Abnorml;157500
2536;8400;Pave;NAmes;1Fam;1Story;5;5;1968;1968;0,13;1052;11;2006;WD ;Normal;138500
2537;8400;Pave;NAmes;1Fam;SFoyer;5;6;1968;1968;0,11;898;8;2006;WD ;Normal;140000
2538;9759;Pave;NAmes;1Fam;1Story;5;5;1966;1966;0,11;1051;3;2006;WD ;Normal;124400
2539;9600;Pave;NAmes;1Fam;SLvl;5;7;1967;1967;0,12;1141;7;2006;WD ;Normal;158000
2540;9230;Pave;NAmes;1Fam;1Story;5;8;1965;1998;0,13;1200;10;2006;WD ;Normal;146000
2541;14803;Pave;NWAmes;1Fam;2Story;6;5;1971;1971;0,07;1097;6;2006;WD ;Normal;190000
2542;10659;Pave;NAmes;1Fam;1Story;5;6;1961;1961;0,1;1050;1;2006;COD;Normal;136500
2543;9100;Pave;NAmes;1Fam;1Story;5;5;1958;1958;0,09;864;7;2006;WD ;Normal;129900
2544;8393;Pave;NAmes;Duplex;1Story;5;5;1959;2005;0,2;1712;6;2006;WD ;Family;145000
2545;8800;Pave;NAmes;2fmCon;1Story;6;7;1965;2000;0,18;1565;6;2006;WD ;Abnorml;185900
2546;8800;Pave;NAmes;1Fam;1Story;6;6;1964;1964;0,14;1251;3;2006;WD ;Normal;160000
2547;10368;Pave;NAmes;1Fam;1Story;6;6;1964;1964;0,14;1488;4;2006;WD ;Normal;167000
2548;9350;Pave;NAmes;1Fam;2Story;5;6;1964;1964;0,08;720;7;2006;WD ;Normal;157500
2549;10382;Pave;NAmes;2fmCon;SLvl;6;5;1958;1958;0,11;1095;3;2006;ConLD;Normal;140000
2550;8973;Pave;NAmes;1Fam;1Story;5;7;1958;1991;0,12;1053;7;2006;WD ;Abnorml;150000
2551;10800;Pave;NAmes;1Fam;1Story;5;7;1960;1960;0,12;1248;5;2006;WD ;Normal;151500
2552;8550;Pave;NAmes;1Fam;1Story;6;8;1934;1950;0,1;816;7;2006;WD ;Normal;129800
2553;11425;Pave;NAmes;1Fam;1Story;5;6;1954;1954;0,09;1008;7;2006;WD ;Normal;137000
2554;9724;Pave;NAmes;1Fam;1Story;5;7;1947;1950;0,11;1043;5;2006;WD ;Normal;137000
2555;4712;Pave;BrkSide;1Fam;1.5Fin;4;7;1946;1950;0,16;774;8;2006;WD ;Abnorml;121600
2556;5900;Pave;BrkSide;1Fam;1Story;4;7;1923;1958;0,15;869;8;2006;WD ;Normal;85500
2557;5825;Pave;BrkSide;1Fam;1Story;4;5;1926;1953;0,13;747;6;2006;WD ;Normal;79900
2558;7438;Pave;BrkSide;1Fam;1.5Fin;5;8;1908;1991;0,13;936;6;2006;WD ;Normal;127000
2559;9600;Pave;NAmes;1Fam;1Story;5;6;1961;1990;0,15;1433;6;2006;WD ;Normal;161000
2560;10858;Pave;NAmes;1Fam;1Story;5;6;1952;1952;0,15;1624;7;2006;WD ;Partial;146500
2561;9600;Pave;NAmes;1Fam;1Story;5;5;1951;1951;0,13;1216;5;2006;WD ;Normal;135000
2562;10680;Pave;NAmes;1Fam;1Story;5;3;1951;1951;0,2;2136;10;2006;WD ;Normal;137900
2563;9490;Pave;NAmes;1Fam;1.5Fin;6;7;1941;1950;0,1;958;8;2006;WD ;Normal;133000
2564;9462;Pave;NAmes;1Fam;2Story;5;6;1949;1973;0,11;1024;7;2006;WD ;Normal;137000
2565;9888;Pave;NAmes;1Fam;1Story;5;6;1954;1975;0,09;936;3;2006;WD ;Normal;121000
2566;8917;Pave;NAmes;Duplex;1Story;5;5;1967;1967;0,18;1584;10;2006;WD ;Normal;119000
2567;12700;Pave;NAmes;1Fam;SLvl;6;5;1964;1964;0,1;1246;11;2006;WD ;Normal;172000
2568;8500;Pave;NAmes;1Fam;1Story;5;3;1961;1961;0,15;1235;12;2006;WD ;Abnorml;98600
2569;14200;Pave;NAmes;1Fam;2Story;7;6;1966;1966;0,09;1216;5;2006;WD ;Normal;226000
2570;9000;Pave;NAmes;1Fam;1Story;5;5;1954;1954;0,13;1128;6;2006;WD ;Family;118000
2571;25419;Pave;NAmes;1Fam;2Story;8;4;1918;1990;0,05;1360;3;2006;WD ;Abnorml;235000
2572;9723;Pave;NAmes;1Fam;1Story;6;7;1963;1963;0,1;1008;10;2006;WD ;Normal;135000
2573;7728;Pave;NAmes;Duplex;SLvl;5;6;1962;1962;0,15;1190;5;2006;WD ;Normal;132500
2574;8163;Pave;NAmes;1Fam;SLvl;5;6;1959;1959;0,14;1144;3;2006;WD ;Normal;143000
2575;8400;Pave;NAmes;1Fam;1Story;5;5;1957;1957;0,16;1364;3;2006;WD ;Normal;132000
2576;11600;Pave;NAmes;1Fam;1Story;6;5;1960;1960;0,12;1383;4;2006;WD ;Normal;145250
2577;9610;Pave;NAmes;1Fam;1Story;6;6;1958;1958;0,14;1336;12;2006;WD ;Normal;162000
2578;10000;Pave;NAmes;1Fam;SLvl;5;6;1956;1956;0,14;1370;2;2006;WD ;Normal;148000
2579;14850;Pave;NAmes;1Fam;1Story;5;5;1957;1957;0,07;1092;5;2006;WD ;Normal;141000
2580;10152;Pave;NAmes;1Fam;1Story;6;6;1956;1994;0,11;1124;5;2006;WD ;Normal;153000
2581;10011;Pave;NAmes;1Fam;1Story;5;6;1957;1996;0,12;1236;5;2006;WD ;Normal;134450
2582;7032;Pave;NAmes;Duplex;SFoyer;5;5;1979;1979;0,13;943;12;2006;WD ;Normal;135960
2583;8092;Pave;NAmes;1Fam;1Story;6;8;1954;2000;0,13;1050;6;2006;WD ;Abnorml;156000
2584;11310;Pave;NAmes;1Fam;1Story;6;5;1954;1954;0,12;1375;6;2006;WD ;Normal;140000
2585;12778;Pave;NAmes;1Fam;1Story;5;6;1952;2003;0,08;1008;1;2006;WD ;Normal;139500
2586;10170;Pave;NAmes;1Fam;1Story;6;6;1951;1951;0,15;1575;6;2006;WD ;Normal;155000
2587;7700;Pave;NAmes;1Fam;SLvl;5;7;1956;1956;0,15;1145;9;2006;WD ;Normal;127000
2588;11050;Pave;NAmes;1Fam;1Story;5;5;1956;1956;0,09;1005;7;2006;WD ;Normal;133500
2589;13600;Pave;NAmes;1Fam;1Story;5;6;1955;1955;0,08;1056;11;2006;WD ;Normal;125000
2590;15428;Pave;NAmes;1Fam;1Story;5;6;1951;1991;0,06;884;6;2006;WD ;Normal;142000
2591;21299;Pave;NAmes;1Fam;1Story;7;5;1941;1963;0,1;2039;12;2006;COD;Abnorml;167000
2592;13300;Pave;NAmes;1Fam;1Story;5;5;1956;2001;0,1;1384;6;2006;WD ;Normal;159000
2593;22136;Pave;OldTown;2fmCon;1.5Fin;5;5;1925;1975;0,06;1392;7;2006;WD ;Normal;180000
2594;7500;Pave;NAmes;1Fam;1.5Fin;6;6;1947;1950;0,12;900;10;2006;WD ;Normal;127000
2595;7000;Pave;OldTown;1Fam;1.5Fin;6;6;1924;1950;0,12;865;5;2006;COD;Normal;112000
2596;10410;Pave;OldTown;1Fam;1Story;3;8;1930;2001;0,07;713;10;2006;WD ;Normal;99800
2597;5400;Pave;OldTown;1Fam;1Story;5;7;1954;2000;0,15;833;8;2006;WD ;Normal;117000
2598;5400;Pave;OldTown;1Fam;1Story;5;6;1921;1968;0,2;1073;12;2006;WD ;Abnorml;108480
2599;10914;Pave;NAmes;1Fam;1Story;3;3;1929;1950;0,07;715;8;2006;WD ;Normal;68000
2600;7008;Pave;OldTown;1Fam;1.5Fin;4;8;1900;1998;0,06;448;3;2006;WD ;Normal;86900
2601;10800;Pave;OldTown;1Fam;1Story;5;6;1920;1950;0,1;1130;6;2006;WD ;Normal;120000
2602;7200;Pave;OldTown;1Fam;2Story;6;8;1915;1950;0,11;774;4;2006;WD ;Normal;155500
2603;10818;Pave;OldTown;1Fam;1.5Fin;4;4;1910;1950;0,09;981;2;2006;COD;Abnorml;80000
2604;10410;Pave;OldTown;1Fam;1.5Fin;3;4;1915;1950;0,07;694;1;2006;WD ;Family;105000
2605;10800;Pave;OldTown;2fmCon;1.5Fin;5;4;1900;1970;0,16;1766;5;2006;ConLD;Normal;160000
2606;10800;Pave;OldTown;1Fam;1.5Fin;5;8;1936;1989;0,1;1096;4;2006;WD ;Normal;170000
2607;8658;Pave;NAmes;1Fam;1Story;6;5;1965;1965;0,15;1324;12;2006;WD ;Abnorml;160000
2608;13400;Pave;NAmes;1Fam;SLvl;5;5;1966;1966;0,08;1086;6;2006;WD ;Normal;159950
2609;10184;Pave;NAmes;1Fam;SLvl;6;5;1963;1963;0,11;1146;6;2006;WD ;Normal;165000
2610;9786;Pave;NAmes;1Fam;1.5Fin;6;7;1962;1981;0,11;1085;6;2006;WD ;Normal;159000
2611;9510;Pave;NAmes;1Fam;1Story;6;5;1962;1985;0,13;1207;5;2006;WD ;Normal;147000
2612;7800;Pave;NAmes;1Fam;1Story;5;5;1964;1964;0,12;912;11;2006;WD ;Abnorml;115000
2613;8910;Pave;NAmes;1Fam;1Story;6;6;1959;1959;0,13;1194;7;2006;WD ;Normal;159500
2614;7332;Pave;NAmes;1Fam;1Story;6;6;1959;1959;0,12;864;10;2006;WD ;Abnorml;120000
2615;7100;Pave;NAmes;1Fam;1Story;5;7;1957;1957;0,11;816;7;2006;WD ;Normal;129900
2616;10800;Pave;NAmes;1Fam;1Story;6;6;1961;1992;0,16;1773;8;2006;WD ;Normal;183000
2617;11650;Pave;NAmes;1Fam;1Story;7;5;1959;1959;0,13;1472;6;2006;WD ;Normal;157500
2618;18275;Pave;NAmes;1Fam;2Story;7;8;1962;1998;0,1;1900;9;2006;WD ;Normal;277500
2619;16321;Pave;NAmes;1Fam;1Story;5;6;1957;1997;0,1;1600;12;2006;WD ;Normal;207500
2620;12144;Pave;NAmes;1Fam;1.5Fin;4;6;1950;1950;0,07;910;9;2006;WD ;Normal;147500
2621;10800;Pave;NAmes;1Fam;1.5Fin;4;4;1949;1950;0,07;720;12;2006;WD ;Abnorml;135000
2622;7200;Pave;NAmes;1Fam;1Story;5;7;1950;1950;0,14;1040;6;2006;WD ;Normal;109500
2623;7200;Pave;NAmes;1Fam;1Story;4;5;1950;1950;0,14;1040;7;2006;WD ;Normal;109900
2624;7560;Pave;NAmes;1Fam;1Story;5;5;1959;1959;0,14;1040;7;2006;WD ;Normal;133700
2625;8544;Pave;NAmes;Duplex;1Story;3;4;1950;1950;0,12;1040;12;2006;WD ;Normal;81400
2626;8544;Pave;NAmes;Duplex;1Story;3;4;1949;1950;0,12;1040;5;2006;WD ;Normal;87500
2627;8544;Pave;NAmes;Duplex;1Story;3;4;1950;1950;0,12;1040;7;2006;WD ;Normal;93500
2628;8512;Pave;NAmes;Duplex;1Story;5;5;1960;1960;0,18;1556;9;2006;WD ;Normal;119000
2629;7945;Pave;NAmes;1Fam;1Story;5;6;1959;1959;0,14;1150;5;2006;WD ;Normal;141000
2630;7000;Pave;NAmes;1Fam;1Story;5;4;1961;1961;0,16;1150;7;2006;WD ;Normal;146000
2631;7590;Pave;NAmes;1Fam;2Story;6;5;1966;1966;0,09;660;7;2006;WD ;Normal;155000
2632;10205;Pave;NAmes;1Fam;SFoyer;5;5;1962;1962;0,1;999;5;2006;WD ;Normal;134500
2633;7400;Pave;NAmes;1Fam;1Story;7;6;1962;1962;0,14;1045;3;2006;WD ;Normal;120000
2634;7000;Pave;NAmes;1Fam;1Story;5;6;1962;1962;0,12;864;2;2006;WD ;Normal;105000
2635;7000;Pave;NAmes;2fmCon;SFoyer;5;5;1962;1962;0,15;1025;3;2006;WD ;Normal;124000
2636;9856;Pave;OldTown;1Fam;2Story;5;8;1900;2005;0,1;1007;6;2006;WD ;Normal;169000
2637;9906;Pave;OldTown;1Fam;2Story;4;4;1925;1950;0,08;810;9;2006;WD ;Family;107000
2638;9600;Pave;OldTown;1Fam;1.5Fin;5;6;1948;1950;0,13;1226;5;2006;WD ;Normal;135000
2639;5520;Pave;OldTown;1Fam;1.5Fin;4;6;1920;1980;0,21;1147;7;2006;WD ;Normal;111500
2640;9600;Pave;OldTown;1Fam;1.5Fin;6;8;1900;2004;0,1;940;6;2006;WD ;Normal;156500
2641;9600;Pave;OldTown;1Fam;2Story;7;7;1925;1990;0,09;832;8;2006;WD ;Normal;178000
2642;6451;Pave;OldTown;1Fam;2Story;7;7;1900;1970;0,13;848;5;2006;WD ;Normal;139900
2643;3960;Pave;OldTown;1Fam;2Story;7;8;1930;1950;0,13;502;7;2006;WD ;Normal;105000
2644;5684;Pave;OldTown;1Fam;1Story;6;8;1930;2005;0,14;813;6;2006;WD ;Normal;110000
2645;7745;Pave;OldTown;2fmCon;1.5Fin;4;6;1900;1950;0,14;1084;4;2006;WD ;Normal;111500
2646;7741;Pave;OldTown;1Fam;1Story;6;5;1924;1950;0,13;1032;6;2006;COD;Abnorml;108000
2647;5633;Pave;OldTown;1Fam;1Story;5;7;1925;1950;0,15;844;7;2006;WD ;Normal;111500
2648;9000;Pave;OldTown;1Fam;2Story;5;6;1880;1991;0,12;1089;6;2006;WD ;Abnorml;124000
2649;7200;Pave;OldTown;1Fam;1Story;4;5;1950;1950;0,12;864;8;2006;COD;Normal;105000
2650;4400;Pave;OldTown;1Fam;1.5Fin;6;8;1920;1950;0,17;734;10;2006;WD ;Normal;116000
2651;7614;Pave;OldTown;1Fam;2Story;3;5;1905;1950;0,09;714;3;2006;WD ;Normal;96900
2652;6000;Pave;OldTown;2fmCon;1Story;5;7;1955;1955;0,16;960;6;2006;WD ;Normal;135500
2653;6000;Pave;OldTown;1Fam;1.5Fin;5;7;1924;1950;0,14;816;8;2006;WD ;Normal;139000
2654;7830;Pave;OldTown;1Fam;1Story;3;5;1921;1950;0,06;492;6;2006;WD ;Normal;61500
2655;9576;Pave;OldTown;1Fam;1.5Fin;6;7;1945;1950;0,09;885;5;2006;WD ;Normal;120000
2656;5820;Pave;OldTown;1Fam;1Story;3;8;1955;2005;0,2;1163;7;2006;WD ;Normal;126175
2657;5747;Pave;OldTown;1Fam;1Story;3;4;1920;1950;0,15;840;6;2006;WD ;Normal;64000
2658;9142;Pave;OldTown;2fmCon;2Story;6;8;1910;1950;0,1;908;4;2006;WD ;Normal;137000
2659;9600;Pave;OldTown;1Fam;2Story;4;2;1900;1950;0,11;1095;5;2006;WD ;Normal;87000
2660;10800;Pave;OldTown;1Fam;2.5Unf;7;7;1914;1970;0,08;880;10;2006;WD ;Normal;163000
2661;6300;Pave;OldTown;1Fam;2.5Unf;7;6;1910;2005;0,19;1226;7;2006;WD ;Normal;155000
2662;5000;Pave;OldTown;1Fam;1.5Fin;5;4;1900;1950;0,18;889;4;2006;WD ;Normal;79000
2663;8850;Pave;OldTown;1Fam;2.5Unf;7;6;1916;1950;0,09;815;7;2006;ConLw;Normal;144000
2664;3600;Pave;OldTown;1Fam;2Story;6;7;1910;1993;0,19;684;10;2006;WD ;Normal;114504
2665;7200;Pave;OldTown;1Fam;2Story;7;7;1920;1950;0,14;998;10;2006;WD ;Normal;157000
2666;11340;Pave;OldTown;1Fam;1Story;6;5;1923;1950;0,11;1200;3;2006;WD ;Family;125000
2667;22950;Pave;OldTown;1Fam;2.5Fin;10;9;1892;1993;0,07;1518;6;2006;WD ;Normal;475000
2668;5976;Pave;OldTown;Duplex;2Story;5;7;1920;1950;0,1;624;12;2006;WD ;Normal;93500
2669;9750;Pave;OldTown;1Fam;1Story;5;5;1958;1958;0,1;960;7;2006;WD ;Normal;125000
2670;4761;Pave;IDOTRR;1Fam;1.5Unf;3;3;1918;1950;0,21;1020;10;2006;ConLD;Normal;64500
2671;7446;Pave;BrkSide;1Fam;1Story;4;5;1941;1950;0,11;788;4;2006;WD ;Abnorml;100000
2672;6435;Pave;BrkSide;1Fam;1.5Fin;6;5;1939;1950;0,15;972;10;2006;WD ;Normal;140200
2673;11737;Pave;BrkSide;1Fam;2Story;6;7;1924;1996;0,09;1017;5;2006;WD ;Normal;202500
2674;5000;Pave;BrkSide;1Fam;1.5Fin;6;7;1947;1950;0,2;1004;10;2006;WD ;Normal;159000
2675;7800;Pave;OldTown;2fmCon;1.5Fin;5;7;1939;1950;0,1;793;5;2006;WD ;Normal;119900
2676;6240;Pave;BrkSide;1Fam;1.5Fin;6;6;1934;1950;0,13;816;9;2006;WD ;Normal;114500
2677;6240;Pave;BrkSide;1Fam;1.5Fin;5;4;1936;1950;0,14;896;4;2006;WD ;Normal;115000
2678;6120;Pave;BrkSide;1Fam;1.5Fin;3;5;1930;1950;0,12;728;11;2006;ConLI;Abnorml;75000
2679;6120;Pave;BrkSide;1Fam;1Story;5;7;1925;1950;0,17;1015;7;2006;WD ;Abnorml;88000
2680;6240;Pave;BrkSide;1Fam;1.5Fin;4;5;1947;1950;0,11;672;7;2006;WD ;Normal;80500
2681;6240;Pave;BrkSide;1Fam;1.5Fin;5;6;1928;1950;0,17;1042;8;2006;WD ;Family;149000
2682;6120;Pave;BrkSide;1Fam;1.5Fin;5;7;1930;1984;0,12;741;2;2006;WD ;Normal;110000
2683;6000;Pave;OldTown;1Fam;1Story;6;6;1925;1980;0,18;1103;7;2006;WD ;Normal;110500
2684;6000;Pave;BrkSide;1Fam;1Story;5;7;1921;1950;0,1;616;6;2006;WD ;Normal;89000
2685;6380;Pave;BrkSide;1Fam;1.5Unf;5;6;1922;1950;0,16;1048;8;2006;WD ;Normal;113000
2686;11672;Pave;BrkSide;1Fam;1Story;5;5;1925;1950;0,07;816;7;2006;WD ;Normal;109000
2687;33120;Pave;OldTown;1Fam;1.5Fin;6;5;1962;1962;0,05;1611;10;2006;WD ;Normal;220000
2688;9873;Pave;BrkSide;2fmCon;1Story;4;5;1970;1970;0,1;960;5;2006;WD ;Normal;129000
2689;5310;Pave;OldTown;1Fam;1.5Fin;6;8;1910;2003;0,19;1001;6;2006;WD ;Normal;117000
2690;4118;Pave;OldTown;1Fam;1Story;4;4;1941;1950;0,17;693;3;2006;WD ;Normal;52500
2691;10320;Pave;IDOTRR;1Fam;1.5Fin;4;5;1924;1950;0,08;834;10;2006;WD ;Abnorml;107000
2692;7518;Pave;IDOTRR;1Fam;2Story;5;8;1910;2004;0,09;665;7;2006;WD ;Normal;116500
2693;9000;Pave;IDOTRR;1Fam;1Story;5;4;1919;1950;0,09;819;9;2006;WD ;Abnorml;72000
2694;8600;Pave;IDOTRR;1Fam;1.5Fin;6;6;1937;1950;0,09;780;6;2006;WD ;Normal;119500
2695;7200;Pave;IDOTRR;1Fam;1.5Fin;5;6;1938;1995;0,11;803;7;2006;WD ;Normal;125500
2696;9786;Pave;IDOTRR;1Fam;1Story;3;4;1922;1950;0,11;1077;5;2006;WD ;Normal;91000
2697;6780;Pave;IDOTRR;2fmCon;1.5Fin;6;8;1935;1982;0,08;520;6;2006;WD ;Normal;84500
2698;7200;Pave;IDOTRR;1Fam;1Story;6;6;1930;1950;0,14;984;3;2006;ConLI;Family;90000
2699;12375;Pave;Sawyer;1Fam;1.5Fin;5;5;1951;1951;0,09;1081;6;2006;WD ;Normal;137500
2700;11136;Pave;Sawyer;Duplex;1Story;6;5;1964;1964;0,17;1921;7;2006;WD ;Normal;150000
2701;21370;Pave;Sawyer;1Fam;1Story;5;5;1950;1950;0,08;1640;6;2006;WD ;Normal;131000
2702;6930;Pave;ClearCr;1Fam;SLvl;5;4;1958;1958;0,2;1352;7;2006;WD ;Abnorml;130000
2703;8250;Pave;Edwards;1Fam;1Story;5;7;1935;1950;0,13;1032;6;2006;WD ;Normal;125000
2704;5220;Pave;SWISU;1Fam;1Story;5;3;1936;1950;0,17;879;1;2006;WD ;Normal;80000
2705;5500;Pave;SWISU;1Fam;1Story;7;5;2004;2004;0,2;1073;5;2006;WD ;Normal;157000
2706;11235;Pave;Sawyer;1Fam;1Story;4;5;1963;1979;0,12;1382;10;2006;WD ;Normal;148000
2707;10791;Pave;Sawyer;Duplex;1Story;4;5;1967;1967;0,12;1296;10;2006;WD ;Normal;90000
2708;8414;Pave;Sawyer;1Fam;1Story;6;8;1963;2003;0,13;1068;2;2006;WD ;Normal;154500
2709;11327;Pave;Sawyer;1Fam;1Story;5;6;1967;1967;0,09;1064;6;2006;WD ;Normal;153600
2710;11777;Pave;Sawyer;1Fam;SLvl;5;6;1966;1966;0,11;1320;5;2006;WD ;Abnorml;164500
2711;10366;Pave;Sawyer;1Fam;SLvl;6;7;1964;1964;0,09;934;7;2006;WD ;Normal;132000
2712;9000;Pave;Sawyer;1Fam;1Story;5;6;1966;1966;0,12;1059;6;2006;WD ;Abnorml;142500
2713;11553;Pave;Sawyer;1Fam;1Story;5;5;1968;1968;0,1;1159;7;2006;WD ;Normal;158000
2714;7844;Pave;Sawyer;1Fam;2Story;6;7;1978;1978;0,09;672;3;2006;WD ;Normal;149500
2715;9535;Pave;Sawyer;1Fam;1Story;5;5;1967;1967;0,15;1458;7;2006;WD ;Normal;165000
2716;10335;Pave;Sawyer;1Fam;1Story;5;6;1968;1993;0,17;1721;7;2006;WD ;Normal;180000
2717;7176;Pave;Sawyer;1Fam;SLvl;6;6;1978;1978;0,14;1040;7;2006;WD ;Normal;160500
2718;9662;Pave;Sawyer;Duplex;1Story;5;4;1977;1977;0,2;1967;8;2006;WD ;Normal;156500
2719;8235;Pave;Sawyer;Duplex;1Story;5;4;1977;1977;0,24;1949;5;2006;WD ;Normal;157000
2720;13650;Pave;Sawyer;1Fam;1.5Fin;5;5;1958;1958;0,09;1252;7;2006;WD ;Normal;172500
2721;13125;Pave;Sawyer;1Fam;1Story;5;4;1957;2000;0,14;1803;1;2006;WD ;Normal;155000
2722;17920;Pave;Sawyer;1Fam;1Story;5;4;1955;1974;0,1;1779;7;2006;WD ;Abnorml;170000
2723;17529;Pave;Sawyer;1Fam;1Story;5;5;1924;1950;0,05;872;4;2006;WD ;Normal;105000
2724;10246;Pave;Sawyer;1Fam;SLvl;4;9;1965;2001;0,09;960;5;2006;WD ;Normal;145000
2725;14175;Pave;Sawyer;1Fam;1Story;5;6;1956;1987;0,1;1437;11;2006;WD ;Normal;168000
2726;20355;Pave;ClearCr;1Fam;1Story;7;6;1967;1967;0,09;1830;6;2006;WD ;Normal;278000
2727;13050;Pave;ClearCr;1Fam;1Story;5;6;1963;1963;0,08;1000;4;2006;WD ;Normal;164000
2728;15593;Pave;ClearCr;1Fam;1.5Fin;7;4;1953;1953;0,08;1304;7;2006;WD ;Normal;225000
2729;10820;Pave;Sawyer;1Fam;SFoyer;5;7;1971;1972;0,07;810;6;2006;WD ;Normal;130000
2730;13350;Pave;Sawyer;1Fam;1Story;5;5;1974;1974;0,07;894;6;2006;WD ;Normal;142500
2731;1700;Pave;ClearCr;Twnhs;1.5Fin;7;5;1980;1981;0,52;880;4;2006;WD ;Normal;148400
2732;5271;Pave;ClearCr;1Fam;1Story;7;5;1986;1986;0,28;1453;12;2006;WD ;Abnorml;190000
2733;9375;Pave;Edwards;1Fam;1Story;4;5;1954;1954;0,14;1350;6;2006;WD ;Normal;146000
2734;6488;Pave;Edwards;1Fam;1.5Fin;5;5;1942;1950;0,12;799;3;2006;WD ;Family;128000
2735;7800;Pave;Edwards;1Fam;2Story;5;8;1948;2002;0,14;1112;8;2006;WD ;Normal;225000
2736;19690;Pave;Edwards;1Fam;SLvl;6;7;1966;1966;0,08;1575;8;2006;WD ;Alloca;274970
2737;19950;Pave;Edwards;1Fam;2Story;6;7;1928;1950;0,07;1337;12;2006;WD ;Normal;235000
2738;19800;Pave;Edwards;1Fam;2.5Unf;6;8;1935;1990;0,09;1836;12;2006;WD ;Normal;415000
2739;11679;Pave;Edwards;1Fam;SLvl;5;5;1962;1962;0,13;1560;5;2006;WD ;Normal;182000
2740;12048;Pave;Edwards;1Fam;1Story;5;6;1952;2002;0,12;1488;4;2006;WD ;Normal;135000
2741;10519;Pave;Edwards;1Fam;1Story;5;8;1955;1999;0,1;1057;3;2006;WD ;Normal;137000
2742;9525;Pave;Edwards;1Fam;1.5Fin;6;4;1954;1972;0,13;1216;10;2006;WD ;Normal;136900
2743;9525;Pave;Edwards;1Fam;1.5Fin;6;5;1953;1953;0,11;1068;7;2006;WD ;Normal;149900
2744;6420;Pave;Edwards;1Fam;1Story;5;7;1952;1952;0,18;1148;9;2006;WD ;Normal;123500
2745;8335;Pave;Edwards;1Fam;1Story;5;5;1954;1954;0,13;1124;4;2006;WD ;Normal;93000
2746;7585;Pave;Edwards;1Fam;1.5Fin;5;3;1948;1950;0,13;1002;8;2006;WD ;Normal;91500
2747;11200;Pave;SawyerW;1Fam;1Story;6;5;1985;1985;0,12;1298;5;2006;WD ;Normal;180000
2748;12128;Pave;SawyerW;1Fam;2Story;6;4;1989;1989;0,11;1313;11;2006;WD ;Abnorml;209000
2749;9554;Pave;SawyerW;1Fam;2Story;8;5;1993;1994;0,11;1065;9;2006;WD ;Normal;215000
2750;9069;Pave;SawyerW;Duplex;SFoyer;6;8;1993;1993;0,16;1440;4;2006;WD ;Normal;224500
2751;11003;Pave;CollgCr;1Fam;2Story;7;5;2005;2006;0,12;1308;7;2006;New;Partial;229800
2752;7488;Pave;CollgCr;1Fam;1Story;7;5;2005;2005;0,16;1208;2;2006;WD ;Abnorml;183600
2753;7406;Pave;CollgCr;1Fam;1Story;7;5;2006;2006;0,16;1220;7;2006;New;Partial;194000
2754;6762;Pave;CollgCr;1Fam;1Story;7;5;2006;2006;0,19;1294;7;2006;New;Partial;193879
2755;11210;Pave;CollgCr;1Fam;1Story;7;5;2005;2006;0,14;1614;7;2006;New;Partial;221500
2756;8990;Pave;CollgCr;1Fam;1Story;7;5;2006;2006;0,17;1498;4;2006;New;Partial;204900
2757;8760;Pave;CollgCr;1Fam;2Story;7;5;2006;2006;0,16;1391;8;2006;New;Partial;239799
2758;13377;Pave;CollgCr;1Fam;1Story;6;5;2006;2006;0,14;1846;7;2006;New;Partial;233555
2759;11645;Pave;CollgCr;1Fam;1Story;7;5;2005;2005;0,15;1734;1;2006;WD ;Normal;260000
2760;11645;Pave;CollgCr;1Fam;1Story;8;5;2005;2006;0,14;1590;8;2006;New;Partial;294900
2761;10984;Pave;CollgCr;1Fam;2Story;7;5;2005;2006;0,09;945;5;2006;New;Partial;209700
2762;9316;Pave;CollgCr;1Fam;1Story;7;5;2005;2005;0,17;1614;3;2006;WD ;Normal;225000
2763;9316;Pave;CollgCr;1Fam;2Story;7;5;2005;2005;0,08;784;6;2006;WD ;Normal;181000
2764;10041;Pave;SawyerW;1Fam;2Story;8;5;1992;1992;0,09;927;2;2006;WD ;Abnorml;220000
2765;36500;Pave;ClearCr;1Fam;1Story;5;5;1964;1964;0,04;1582;6;2006;WD ;Normal;190000
2766;21453;Pave;ClearCr;1Fam;SLvl;6;5;1969;1969;0,05;988;10;2006;WD ;Normal;180000
2767;70761;Pave;ClearCr;1Fam;1Story;7;5;1975;1975;0,02;1533;12;2006;WD ;Normal;280000
2768;12000;Pave;ClearCr;1Fam;1Story;6;5;1968;1968;0,12;1388;7;2006;COD;Abnorml;158900
2769;8846;Pave;CollgCr;1Fam;SFoyer;5;5;1996;1996;0,1;914;7;2006;WD ;Normal;148000
2770;13015;Pave;CollgCr;1Fam;1Story;5;6;1996;1996;0,08;1100;6;2006;WD ;Normal;145000
2771;12438;Pave;CollgCr;1Fam;2Story;6;5;1995;1995;0,06;795;8;2006;WD ;Normal;187000
2772;8685;Pave;CollgCr;1Fam;1Story;7;5;1998;1998;0,16;1425;5;2006;WD ;Normal;193000
2773;13568;Pave;CollgCr;1Fam;1Story;5;5;1995;1995;0,07;990;7;2006;WD ;Normal;156000
2774;9100;Pave;CollgCr;1Fam;1Story;7;5;2000;2000;0,17;1525;9;2006;WD ;Normal;235000
2775;9236;Pave;CollgCr;1Fam;1Story;6;5;1997;1997;0,16;1494;7;2006;WD ;Normal;217000
2776;10264;Pave;CollgCr;1Fam;1Story;7;5;1999;1999;0,15;1588;8;2006;WD ;Normal;214000
2777;9272;Pave;CollgCr;1Fam;2Story;7;5;1999;1999;0,09;856;6;2006;WD ;Normal;196000
2778;13426;Pave;CollgCr;1Fam;2Story;7;5;1999;2000;0,07;951;9;2006;WD ;Normal;217000
2779;13450;Pave;CollgCr;1Fam;2Story;7;5;2002;2002;0,07;920;6;2006;WD ;Normal;200000
2780;14006;Pave;CollgCr;1Fam;2Story;7;5;2002;2002;0,07;936;2;2006;WD ;Normal;192500
2781;13704;Pave;CollgCr;1Fam;1Story;7;5;2001;2002;0,11;1541;1;2006;WD ;Normal;205000
2782;10780;Pave;CollgCr;1Fam;SLvl;5;5;1976;1976;0,09;954;7;2006;WD ;Normal;132500
2783;8340;Pave;CollgCr;1Fam;2Story;6;6;1977;1977;0,08;686;12;2006;WD ;Normal;157500
2784;10385;Pave;CollgCr;1Fam;SLvl;6;6;1978;1978;0,12;1282;4;2006;WD ;Normal;174000
2785;9920;Pave;CollgCr;1Fam;1Story;5;6;1969;1969;0,1;971;5;2006;WD ;Normal;128500
2786;9560;Pave;CollgCr;1Fam;1Story;5;7;1972;1972;0,09;864;6;2006;WD ;Normal;128500
2787;9800;Pave;CollgCr;1Fam;1Story;5;7;1972;1972;0,09;894;7;2006;WD ;Abnorml;149900
2788;7200;Pave;CollgCr;1Fam;1Story;5;8;1972;1972;0,12;864;3;2006;WD ;Normal;119900
2789;3612;Pave;Landmrk;Twnhs;2Story;6;5;1993;1994;0,17;630;6;2006;WD ;Normal;137000
2790;11367;Pave;CollgCr;1Fam;2Story;8;5;2002;2002;0,1;1091;11;2006;WD ;Normal;255000
2791;9930;Pave;CollgCr;1Fam;2Story;7;5;2002;2002;0,09;878;7;2006;WD ;Normal;222000
2792;9468;Pave;CollgCr;1Fam;2Story;6;5;1999;1999;0,09;840;8;2006;WD ;Normal;214000
2793;11088;Pave;CollgCr;1Fam;1Story;8;5;2002;2002;0,12;1358;6;2006;WD ;Normal;220000
2794;14781;Pave;CollgCr;1Fam;1Story;8;5;2001;2002;0,12;1787;8;2006;WD ;Normal;275000
2795;8726;Pave;CollgCr;1Fam;2Story;7;5;2002;2002;0,1;872;9;2006;WD ;Normal;197000
2796;8125;Pave;CollgCr;1Fam;1Story;7;5;2002;2002;0,2;1654;2;2006;WD ;Normal;230000
2797;10566;Pave;CollgCr;1Fam;2Story;8;5;1999;1999;0,1;1090;7;2006;WD ;Normal;268500
2798;21533;Pave;CollgCr;1Fam;2Story;7;5;1996;1997;0,05;1065;8;2006;WD ;Normal;210900
2799;11250;Pave;CollgCr;1Fam;2Story;7;5;1998;1998;0,1;1070;5;2006;WD ;Normal;227000
2800;11250;Pave;CollgCr;1Fam;2Story;7;5;1995;1996;0,08;950;7;2006;WD ;Normal;237000
2801;9750;Pave;CollgCr;1Fam;2Story;7;6;1998;1998;0,11;1108;6;2006;WD ;Normal;274300
2802;9100;Pave;CollgCr;1Fam;1Story;7;5;2004;2005;0,2;1836;10;2006;WD ;Normal;216837
2803;4435;Pave;CollgCr;TwnhsE;1Story;6;5;2003;2003;0,19;848;4;2006;WD ;Normal;133000
2804;4435;Pave;CollgCr;TwnhsE;1Story;6;5;2004;2004;0,19;848;5;2006;WD ;Normal;155900
2805;15611;Pave;CollgCr;1Fam;2Story;8;5;2006;2006;0,07;1079;7;2006;New;Partial;233230
2806;8810;Pave;CollgCr;1Fam;1Story;7;5;2003;2003;0,16;1390;3;2006;WD ;Normal;207000
2807;12393;Pave;CollgCr;1Fam;2Story;7;5;2004;2005;0,07;847;9;2006;WD ;Normal;195000
2808;9135;Pave;CollgCr;1Fam;1Story;6;5;2003;2003;0,19;1700;5;2006;WD ;Normal;200000
2809;8581;Pave;CollgCr;1Fam;2Story;7;5;2006;2006;0,1;851;8;2006;New;Partial;203160
2810;8400;Pave;CollgCr;1Fam;2Story;7;5;2005;2005;0,09;784;3;2006;WD ;Normal;195800
2811;10084;Pave;CollgCr;1Fam;1Story;7;5;2005;2006;0,15;1552;7;2006;New;Partial;212900
2812;11645;Pave;CollgCr;1Fam;2Story;7;5;2004;2004;0,07;860;8;2006;WD ;Normal;196500
2813;8772;Pave;CollgCr;1Fam;1Story;7;5;2005;2006;0,15;1336;9;2006;New;Partial;198000
2814;8846;Pave;CollgCr;1Fam;2Story;6;5;2005;2006;0,08;750;8;2006;New;Partial;173900
2815;8461;Pave;CollgCr;1Fam;2Story;6;5;2005;2006;0,09;728;7;2006;New;Partial;163990
2816;8767;Pave;CollgCr;1Fam;1Story;7;5;2005;2005;0,15;1310;7;2006;New;Partial;164990
2817;8777;Pave;Edwards;1Fam;2Story;4;6;1910;2000;0,09;760;10;2006;WD ;Normal;98000
2818;17755;Pave;Edwards;1Fam;1Story;5;4;1959;1959;0,08;1466;11;2006;WD ;Normal;149900
2819;8877;Pave;Edwards;1Fam;1Story;4;5;1951;1951;0,14;1220;4;2006;COD;Normal;102000
2820;7840;Pave;Edwards;Duplex;SFoyer;6;5;1975;1975;0,13;1012;10;2006;WD ;AdjLand;127500
2821;9400;Pave;Edwards;Duplex;SFoyer;6;5;1975;1975;0,1;980;10;2006;WD ;AdjLand;127500
2822;16133;Pave;Edwards;1Fam;1Story;5;4;1969;1969;0,07;1176;12;2006;WD ;Abnorml;119900
2823;7162;Pave;Edwards;1Fam;2Story;7;5;2003;2004;0,11;806;5;2006;WD ;Normal;196500
2824;8050;Pave;Edwards;1Fam;1Story;6;5;2002;2002;0,11;914;4;2006;WD ;Normal;117250
2825;11060;Pave;Edwards;1Fam;2Story;7;5;2003;2005;0,11;1164;2;2006;ConLD;Normal;229000
2826;3675;Pave;Edwards;TwnhsE;SLvl;5;5;2005;2005;0,29;1072;5;2006;WD ;Normal;145000
2827;3675;Pave;Edwards;TwnhsE;SFoyer;6;5;2005;2006;0,29;1072;6;2006;New;Partial;140000
2828;3675;Pave;Edwards;TwnhsE;SFoyer;6;5;2005;2006;0,29;1072;10;2006;New;Partial;142500
2829;2522;Pave;Edwards;Twnhs;2Story;7;5;2004;2004;0,38;970;5;2006;WD ;Normal;134000
2830;2522;Pave;Edwards;Twnhs;2Story;7;5;2004;2004;0,38;970;5;2006;WD ;Normal;130000
2831;2522;Pave;Edwards;Twnhs;2Story;6;5;2004;2006;0,38;970;4;2006;WD ;Normal;130000
2832;2522;Pave;Edwards;Twnhs;2Story;7;5;2004;2004;0,38;970;4;2006;WD ;Normal;137500
2833;3363;Pave;Edwards;TwnhsE;2Story;7;5;2004;2004;0,29;976;4;2006;WD ;Normal;130000
2834;6956;Pave;Edwards;1Fam;1.5Fin;4;7;1948;1950;0,09;624;4;2006;WD ;Normal;97900
2835;7822;Pave;Edwards;1Fam;1.5Fin;6;3;1915;1950;0,11;846;5;2006;WD ;AdjLand;92000
2836;8707;Pave;Edwards;1Fam;1.5Fin;4;5;1924;1950;0,13;1093;5;2006;WD ;AdjLand;107000
2837;8410;Pave;Edwards;1Fam;1.5Fin;5;3;1910;1996;0,08;658;5;2006;WD ;AdjLand;81000
2838;9738;Pave;Edwards;1Fam;1.5Fin;5;7;1924;1950;0,1;949;3;2006;WD ;Normal;104900
2839;8172;Pave;Edwards;1Fam;1Story;5;7;1955;1990;0,11;864;4;2006;WD ;Normal;115000
2840;16012;Pave;Edwards;1Fam;1Story;4;4;1954;1968;0,09;1482;10;2006;WD ;Abnorml;125000
2841;8248;Pave;Edwards;1Fam;1.5Fin;5;7;1918;1950;0,08;686;7;2006;WD ;Normal;116000
2842;8248;Pave;Edwards;1Fam;1.5Fin;4;4;1922;1950;0,12;964;9;2006;COD;Abnorml;83000
2843;6204;Pave;SWISU;1Fam;2.5Fin;4;5;1912;1950;0,15;954;3;2006;WD ;Normal;118500
2844;8088;Pave;Edwards;1Fam;1Story;2;3;1922;1955;0,06;498;2;2006;ConLD;Normal;35000
2845;11388;Pave;Edwards;1Fam;1.5Fin;4;7;1910;1993;0,09;1055;9;2006;WD ;Normal;121000
2846;7082;Pave;SWISU;2fmCon;2Story;5;8;1916;1995;0,13;948;7;2006;WD ;Normal;160000
2847;8400;Pave;SWISU;1Fam;1.5Fin;6;5;1940;2000;0,14;1192;6;2006;WD ;Normal;140000
2848;10890;Pave;SWISU;1Fam;1.5Fin;5;5;1938;1950;0,1;1058;7;2006;WD ;Normal;137000
2849;6430;Pave;SWISU;2fmCon;1.5Fin;6;6;1945;1950;0,13;816;7;2006;WD ;Abnorml;128000
2850;7000;Pave;SWISU;1Fam;2Story;7;8;1926;1997;0,11;743;5;2006;WD ;Normal;160000
2851;13132;Pave;Crawfor;1Fam;2Story;5;5;1914;1950;0,07;892;7;2006;WD ;Normal;138887
2852;4899;Pave;SWISU;1Fam;2Story;6;8;1920;1950;0,15;755;6;2006;WD ;Normal;149000
2853;6000;Pave;SWISU;1Fam;1.5Fin;5;5;1926;1950;0,17;1008;6;2006;WD ;Normal;102000
2854;9399;Pave;Crawfor;1Fam;2.5Unf;7;8;1919;1950;0,09;818;9;2006;WD ;Abnorml;167000
2855;7588;Pave;Crawfor;1Fam;2Story;7;6;1920;1950;0,12;901;7;2006;WD ;Normal;200100
2856;10164;Pave;SWISU;1Fam;1.5Fin;5;5;1939;1950;0,1;992;7;2006;WD ;Normal;131000
2857;6191;Pave;SWISU;1Fam;1.5Fin;5;4;1941;1950;0,13;824;11;2006;WD ;Normal;112000
2858;9550;Pave;Crawfor;1Fam;2Story;7;5;1915;1970;0,1;961;2;2006;WD ;Abnorml;140000
2859;21780;Pave;Crawfor;1Fam;2Story;6;5;1920;1950;0,04;940;9;2006;WD ;Normal;195000
2860;11435;Pave;Crawfor;1Fam;2Story;8;7;1929;1950;0,07;792;6;2006;WD ;Normal;230000
2861;12400;Pave;Crawfor;1Fam;1.5Fin;5;6;1940;1950;0,09;1125;2;2006;WD ;Normal;194000
2862;11600;Pave;Crawfor;1Fam;1Story;4;5;1922;1950;0,1;1180;7;2006;WD ;Normal;137500
2863;11500;Pave;Crawfor;1Fam;1.5Fin;7;7;1936;1987;0,09;1020;6;2006;WD ;Normal;250000
2864;8170;Pave;Crawfor;1Fam;1.5Fin;7;7;1929;1950;0,14;1122;2;2006;WD ;Normal;218000
2865;16560;Pave;Crawfor;1Fam;2Story;6;8;1932;1950;0,07;1170;7;2006;WD ;Normal;239000
2866;12320;Pave;Crawfor;1Fam;2Story;7;7;1932;1990;0,08;959;5;2006;WD ;Normal;199500
2867;14210;Pave;Crawfor;1Fam;2Story;6;7;1930;1959;0,08;1104;11;2006;WD ;Normal;210000
2868;14115;Pave;Crawfor;1Fam;1Story;6;7;1956;2004;0,13;1811;7;2006;WD ;Abnorml;230000
2869;12984;Pave;Crawfor;1Fam;1Story;5;6;1977;1977;0,13;1647;3;2006;WD ;Normal;217500
2870;15600;Pave;Crawfor;1Fam;2Story;5;7;1950;1963;0,08;1278;7;2006;WD ;Normal;257000
2871;15750;Pave;Crawfor;2fmCon;1Story;5;5;1953;1953;0,08;1336;6;2006;WD ;Normal;157000
2872;16381;Pave;Crawfor;1Fam;1Story;6;5;1969;1969;0,11;1844;12;2006;WD ;Normal;223000
2873;7288;Pave;IDOTRR;1Fam;1Story;5;6;1942;1950;0,13;976;8;2006;WD ;AdjLand;102000
2874;7000;Pave;IDOTRR;1Fam;1.5Fin;6;7;1926;1950;0,12;861;5;2006;WD ;Normal;145400
2875;8534;Pave;IDOTRR;1Fam;1Story;4;4;1925;1950;0,08;672;6;2006;WD ;Normal;72000
2876;7030;Pave;IDOTRR;1Fam;1Story;4;6;1925;1950;0,09;641;3;2006;WD ;Normal;85000
2877;8765;Pave;IDOTRR;1Fam;1Story;4;6;1936;1950;0,11;951;4;2006;WD ;Abnorml;106500
2878;9060;Pave;IDOTRR;1Fam;1.5Fin;6;5;1957;1957;0,11;967;4;2006;WD ;Normal;139000
2879;11040;Pave;IDOTRR;1Fam;1.5Fin;4;6;1920;1950;0,08;897;9;2006;COD;Normal;108000
2880;12366;Pave;IDOTRR;1Fam;1Story;3;5;1945;1950;0,06;729;10;2006;WD ;Abnorml;51689
2881;9000;Pave;IDOTRR;1Fam;1Story;2;3;1949;1950;0,05;480;10;2006;WD ;Abnorml;35311
2882;9000;Pave;IDOTRR;2fmCon;1.5Fin;5;6;1951;1951;0,12;1060;10;2006;WD ;Abnorml;115000
2883;8520;Grvl;IDOTRR;1Fam;1.5Fin;3;5;1916;1950;0,07;576;4;2006;WD ;Normal;78000
2884;5748;Pave;Crawfor;TwnhsE;1Story;8;5;2005;2006;0,31;1778;2;2006;New;Partial;375000
2885;3842;Pave;Crawfor;TwnhsE;1Story;8;5;2004;2005;0,43;1646;12;2006;WD ;Normal;300000
2886;23580;Pave;Mitchel;1Fam;1Story;6;6;1979;1979;0,07;1625;9;2006;WD ;Normal;242500
2887;8385;Pave;Mitchel;Duplex;1Story;6;5;1978;1978;0,2;1664;10;2006;WD ;Normal;145000
2888;9116;Pave;Mitchel;1Fam;1Story;8;5;2001;2001;0,16;1491;5;2006;WD ;Normal;209000
2889;10530;Pave;Mitchel;Duplex;SFoyer;6;5;1977;1977;0,1;1004;5;2006;WD ;Normal;135000
2890;11080;Pave;Mitchel;1Fam;SLvl;6;6;1975;1975;0,11;1210;5;2006;WD ;Normal;148000
2891;11070;Pave;Mitchel;Duplex;1Story;7;5;1988;1989;0,18;1959;7;2006;WD ;Family;171000
2892;26178;Pave;Timber;1Fam;2Story;7;5;1989;1990;0,05;1238;4;2006;WD ;Normal;335000
2893;8239;Pave;GrnHill;TwnhsE;1Story;7;5;1986;1986;0,16;1295;11;2006;WD ;Normal;230000
2894;50102;Pave;Timber;1Fam;1Story;6;5;1958;1958;0,03;1650;3;2006;WD ;Alloca;250764
2895;16669;Pave;Timber;1Fam;1Story;8;6;1981;1981;0,1;1707;1;2006;WD ;Normal;228000
2896;13811;Pave;Timber;1Fam;1Story;6;6;1987;1987;0,08;1137;7;2006;WD ;Normal;176000
2897;8049;Pave;Timber;1Fam;1Story;7;5;1990;1990;0,17;1339;7;2006;WD ;Normal;180000
2898;11170;Pave;Timber;1Fam;2Story;7;5;1990;1991;0,12;1298;4;2006;WD ;Normal;250000
2899;8098;Pave;Timber;1Fam;1Story;6;5;2000;2000;0,17;1403;10;2006;WD ;Normal;202000
2900;14331;Pave;Timber;1Fam;1Story;8;5;2002;2002;0,13;1800;5;2006;WD ;Normal;312500
2901;13618;Pave;Timber;1Fam;1Story;8;5;2005;2006;0,14;1960;11;2006;New;Partial;320000
2902;11443;Pave;Timber;1Fam;1Story;8;5;2005;2006;0,18;2028;3;2006;New;Partial;369900
2903;11577;Pave;Timber;1Fam;1Story;9;5;2005;2006;0,16;1838;9;2006;New;Partial;359900
2904;31250;Pave;Mitchel;1Fam;1Story;1;3;1951;1951;0,05;1600;5;2006;WD ;Normal;81500
2905;7020;Pave;Mitchel;Duplex;SFoyer;7;5;1997;1997;0,19;1368;11;2006;WD ;Normal;215000
2906;4500;Pave;Mitchel;Twnhs;1Story;6;5;1998;1998;0,27;1216;5;2006;WD ;Normal;164000
2907;4500;Pave;Mitchel;TwnhsE;1Story;6;5;1998;1998;0,3;1337;3;2006;WD ;Normal;153500
2908;17217;Pave;Mitchel;1Fam;1Story;5;5;2006;2006;0,07;1140;7;2006;WD ;Abnorml;84500
2909;2665;Pave;MeadowV;TwnhsE;2Story;5;6;1977;1977;0,23;616;5;2006;WD ;Normal;104500
2910;2665;Pave;MeadowV;TwnhsE;2Story;5;6;1977;1977;0,35;925;7;2006;WD ;Normal;127000
2911;3964;Pave;MeadowV;TwnhsE;2Story;6;4;1973;1973;0,33;1291;6;2006;WD ;Normal;151400
2912;10172;Pave;Mitchel;1Fam;1Story;5;7;1968;2003;0,09;874;10;2006;WD ;Normal;126500
2913;11836;Pave;Mitchel;Duplex;1Story;5;5;1970;1970;0,14;1652;3;2006;WD ;Normal;146500
2914;1470;Pave;MeadowV;Twnhs;SFoyer;4;6;1970;1970;0,43;630;4;2006;WD ;Normal;73000
2915;1484;Pave;MeadowV;TwnhsE;2Story;4;4;1972;1972;0,37;546;5;2006;WD ;Normal;79400
2916;13384;Pave;Mitchel;1Fam;1Story;5;5;1969;1979;0,1;1360;5;2006;WD ;Normal;140000
2917;1533;Pave;MeadowV;Twnhs;SFoyer;5;7;1970;1970;0,41;630;8;2006;WD ;Abnorml;92000
2918;1533;Pave;MeadowV;Twnhs;2Story;4;5;1970;1970;0,36;546;12;2006;WD ;Abnorml;87550
2919;1526;Pave;MeadowV;Twnhs;2Story;4;5;1970;1970;0,36;546;6;2006;WD ;Normal;79500
2920;1936;Pave;MeadowV;Twnhs;2Story;4;7;1970;1970;0,28;546;6;2006;WD ;Normal;90500
2921;1894;Pave;MeadowV;TwnhsE;2Story;4;5;1970;1970;0,29;546;4;2006;WD ;Abnorml;71000
2922;12640;Pave;Mitchel;Duplex;1Story;6;5;1976;1976;0,14;1728;7;2006;WD ;Normal;150900
2923;9297;Pave;Mitchel;Duplex;1Story;5;5;1976;1976;0,19;1728;7;2006;WD ;Family;188000
2924;17400;Pave;Mitchel;1Fam;1Story;5;5;1977;1977;0,06;1126;5;2006;WD ;Normal;160000
2925;20000;Pave;Mitchel;1Fam;1Story;5;7;1960;1996;0,06;1224;9;2006;WD ;Abnorml;131000
2926;7937;Pave;Mitchel;1Fam;SLvl;6;6;1984;1984;0,13;1003;3;2006;WD ;Normal;142500
2927;8885;Pave;Mitchel;1Fam;1Story;5;5;1983;1983;0,1;902;6;2006;WD ;Normal;131000
2928;10441;Pave;Mitchel;1Fam;SFoyer;5;5;1992;1992;0,09;970;7;2006;WD ;Normal;132000
2929;10010;Pave;Mitchel;1Fam;1Story;5;5;1974;1975;0,14;1389;4;2006;WD ;Normal;170000
2930;9627;Pave;Mitchel;1Fam;2Story;7;5;1993;1994;0,1;996;11;2006;WD ;Normal;188000